vertical,rows,researched,unresearched,with_named_contact,with_linkedin,with_verified_email,unmatched,not_nigerian,duplicate,closed,subsidiary,government
01-fashion-streetwear,50,50,0,47,18,2,3,1,0,1,0,0
02-beauty-personal-care,50,50,0,25,12,0,18,10,2,0,1,0
03-food-beverage,50,50,0,40,24,1,8,0,4,0,2,0
04-real-estate-property,50,50,0,37,16,0,9,1,2,0,1,2
05-hospitality-events,50,22,28,19,8,0,0,0,3,0,3,0
06-tech-saas,50,37,13,37,30,1,0,0,1,0,0,0
07-fintech-financial-services,50,33,17,31,23,0,0,0,8,0,0,0
08-health-wellness,50,21,29,13,9,0,6,0,3,0,0,0
09-entertainment-media,50,23,27,20,17,0,0,0,1,0,0,0
10-education-professional-development,50,20,30,18,15,0,0,0,2,0,0,0
