vertical,row,company,domain,name,role,source,linkedin_profile,linkedin_search,priority
01-fashion-streetwear,1,Emmy Kasbit,,Emmanuel Okoro,Founder and creative director,https://lagosfashionweek.ng/designers/emmy-kasbit,,https://www.linkedin.com/search/results/people/?keywords=Emmanuel+Okoro+Emmy+Kasbit,normal
01-fashion-streetwear,2,Ashluxe,,Yinka Ash (Olayinka Ashogbon),Founder and CEO,https://guardian.ng/life/yinka-ash-reimagining-streetwear-in-africa/,https://ng.linkedin.com/in/yinka-ash,https://www.linkedin.com/search/results/people/?keywords=Yinka+Ash+%28Olayinka+Ashogbon%29+Ashluxe,normal
01-fashion-streetwear,3,WafflesnCream,,Jomi Marcus-Bello,Co-founder,https://nataal.com/waf-skatepark,https://www.linkedin.com/in/jomi-bello-799b33204/,https://www.linkedin.com/search/results/people/?keywords=Jomi+Marcus-Bello+WafflesnCream,normal
01-fashion-streetwear,3,WafflesnCream,,Nifemi Marcus-Bello,Co-founder,https://nataal.com/waf-skatepark,,https://www.linkedin.com/search/results/people/?keywords=Nifemi+Marcus-Bello+WafflesnCream,normal
01-fashion-streetwear,3,WafflesnCream,,KC Obijiaku,Co-founder,https://nataal.com/waf-skatepark,,https://www.linkedin.com/search/results/people/?keywords=KC+Obijiaku+WafflesnCream,normal
01-fashion-streetwear,4,Orange Culture,,Adebayo Oke-Lawal,"Founder, CEO and creative director",https://www.businessoffashion.com/community/people/adebayo-oke-lawal,,https://www.linkedin.com/search/results/people/?keywords=Adebayo+Oke-Lawal+Orange+Culture,normal
01-fashion-streetwear,5,Kenneth Ize,,Kenneth Ize,Founder and designer,https://en.wikipedia.org/wiki/Kenneth_Ize,,https://www.linkedin.com/search/results/people/?keywords=Kenneth+Ize+Kenneth+Ize,normal
01-fashion-streetwear,6,Maki Oh,,Amaka Osakwe,Founder and designer,https://www.lvmhprize.com/en/maki-oh,,https://www.linkedin.com/search/results/people/?keywords=Amaka+Osakwe+Maki+Oh,normal
01-fashion-streetwear,7,Andrea Iyamah,andreaiyamah.com,Andrea Dumebi Iyamah,Founder and designer,https://lingeriebriefs.com/2024/05/05/andrea-iyamah-adventurous-high-fashion-swimwear-with-an-african-flair/,https://ca.linkedin.com/in/andrea-iyamah-200512a2,https://www.linkedin.com/search/results/people/?keywords=Andrea+Dumebi+Iyamah+Andrea+Iyamah,normal
01-fashion-streetwear,8,Lisa Folawiyo,lisafolawiyo.com,Lisa Folawiyo,Founder and creative director,https://en.wikipedia.org/wiki/Lisa_Folawiyo,https://www.linkedin.com/in/lisa-folawiyo-587b181b/,https://www.linkedin.com/search/results/people/?keywords=Lisa+Folawiyo+Lisa+Folawiyo,normal
01-fashion-streetwear,9,Tia Adeola,,Teniola Tia Adeola,Founder and creative director,https://lagosfashionweek.ng/designers/tia-adeola,,https://www.linkedin.com/search/results/people/?keywords=Teniola+Tia+Adeola+Tia+Adeola,normal
01-fashion-streetwear,10,Tokyo James,,Iniye Tokyo James,Founder and designer,https://industrieafrica.com/resources/designers/tokyo-james,,https://www.linkedin.com/search/results/people/?keywords=Iniye+Tokyo+James+Tokyo+James,normal
01-fashion-streetwear,11,Fruche,,Frank Aghuno,Founder and creative director,https://www.essence.com/fashion/frank-aghuno-fruche-interview/,https://www.linkedin.com/in/frank-aghuno-82459aaa/,https://www.linkedin.com/search/results/people/?keywords=Frank+Aghuno+Fruche,normal
01-fashion-streetwear,12,Pepper Row,,Omafume Niemogha,Founder and creative director,https://industrieafrica.com/resources/designers/pepper-row,https://www.linkedin.com/in/omafumeniemogha-62799157/,https://www.linkedin.com/search/results/people/?keywords=Omafume+Niemogha+Pepper+Row,normal
01-fashion-streetwear,13,Maxivive,,Papa (Babatunde) Oyeyemi,Founder and creative director,https://www.glamcult.com/?p=54197,https://www.linkedin.com/in/papa-oyeyemi-6436a557/,https://www.linkedin.com/search/results/people/?keywords=Papa+%28Babatunde%29+Oyeyemi+Maxivive,normal
01-fashion-streetwear,14,Bloke,,Faith Oluwajimi,Founder and designer,https://metalmagazine.eu/post/bloke-unwalked-paths,https://www.linkedin.com/in/faitholuwajimi/,https://www.linkedin.com/search/results/people/?keywords=Faith+Oluwajimi+Bloke,normal
01-fashion-streetwear,15,Vivendii,,Jimmy Ayeni,Co-founder,https://culturecustodian.com/custodian-interview-jimmy-ayeni-of-modus-vivendii/,,https://www.linkedin.com/search/results/people/?keywords=Jimmy+Ayeni+Vivendii,normal
01-fashion-streetwear,15,Vivendii,,Ola Badiru,Co-founder,https://culturecustodian.com/custodian-interview-jimmy-ayeni-of-modus-vivendii/,,https://www.linkedin.com/search/results/people/?keywords=Ola+Badiru+Vivendii,normal
01-fashion-streetwear,15,Vivendii,,Anthony Oye,Co-founder,https://culturecustodian.com/custodian-interview-jimmy-ayeni-of-modus-vivendii/,,https://www.linkedin.com/search/results/people/?keywords=Anthony+Oye+Vivendii,normal
01-fashion-streetwear,16,Nkwo,,Nkwo Onwuka,Founder and creative director,https://lagosfashionweek.ng/designers/nkwo,https://www.linkedin.com/in/nkwo-onwuka-a8117a23a/,https://www.linkedin.com/search/results/people/?keywords=Nkwo+Onwuka+Nkwo,normal
01-fashion-streetwear,18,Clan,,Teni Sagoe,Co-founder and creative director,https://businessday.ng/bd-weekender/article/nigerian-fashion-designers-you-should-get-to-know/,,https://www.linkedin.com/search/results/people/?keywords=Teni+Sagoe+Clan,normal
01-fashion-streetwear,18,Clan,,Aba Sagoe,Co-founder,https://www.farfetch.com/style-guide/brands/the-best-nigerian-fashion-designers-to-know,,https://www.linkedin.com/search/results/people/?keywords=Aba+Sagoe+Clan,normal
01-fashion-streetwear,18,Clan,,Tiwa Sagoe,Co-founder,https://www.farfetch.com/style-guide/brands/the-best-nigerian-fashion-designers-to-know,,https://www.linkedin.com/search/results/people/?keywords=Tiwa+Sagoe+Clan,normal
01-fashion-streetwear,19,TZAR Studios,,Ian Audifferen,Founder and designer,https://www.okayafrica.com/nigerian-label-tzars-black-white-menswear/217791,,https://www.linkedin.com/search/results/people/?keywords=Ian+Audifferen+TZAR+Studios,normal
01-fashion-streetwear,21,Banke Kuku,,Banke Kuku-Lawson,Founder and designer,https://en.wikipedia.org/wiki/Banke_Kuku,https://www.linkedin.com/in/banke-kuku-40b37835/,https://www.linkedin.com/search/results/people/?keywords=Banke+Kuku-Lawson+Banke+Kuku,normal
01-fashion-streetwear,22,Gozel Green,,Sylvia Enekwe-Ojei,Co-founder,https://lagosfashionweek.ng/designers/gozel-green,,https://www.linkedin.com/search/results/people/?keywords=Sylvia+Enekwe-Ojei+Gozel+Green,normal
01-fashion-streetwear,22,Gozel Green,,Olivia Enekwe-Okoji,Co-founder,https://lagosfashionweek.ng/designers/gozel-green,,https://www.linkedin.com/search/results/people/?keywords=Olivia+Enekwe-Okoji+Gozel+Green,normal
01-fashion-streetwear,23,Sisiano,,Paolo Sisiano,Founder and designer,https://industrieafrica.com/collections/sisiano,,https://www.linkedin.com/search/results/people/?keywords=Paolo+Sisiano+Sisiano,normal
01-fashion-streetwear,24,Adebayo Jones,,Adebayo Jones,Founder and designer,https://levogue.leadership.ng/luxury-couture-experience-africa-fashion-week-toronto/,,https://www.linkedin.com/search/results/people/?keywords=Adebayo+Jones+Adebayo+Jones,normal
01-fashion-streetwear,25,Mai Atafo,,Mai (Ohimai) Atafo,Founder and creative director,https://www.wikipedia.org/wiki/Mai_Atafo,,https://www.linkedin.com/search/results/people/?keywords=Mai+%28Ohimai%29+Atafo+Mai+Atafo,normal
01-fashion-streetwear,26,ABIOLA Collection,,Abiola Adeniran-Olusola,Founder and creative director,https://lionessesofafrica.com/blog/2023/5/14/abiola-olusola-a-designer-pushing-the-african-narrative-through-fashion,,https://www.linkedin.com/search/results/people/?keywords=Abiola+Adeniran-Olusola+ABIOLA+Collection,normal
01-fashion-streetwear,27,House of Kaya,,Ibrahim Abdulmumini,Founder,https://lagosfashionweek.ng/designers/house-of-kaya,,https://www.linkedin.com/search/results/people/?keywords=Ibrahim+Abdulmumini+House+of+Kaya,normal
01-fashion-streetwear,29,Lagos Space Programme,,Adeju Thompson,Founder and designer,https://collections.vam.ac.uk/item/O1724088/osun-seegesi-skirt-adeju-thompson,https://www.linkedin.com/in/adeju-thompson-707261253/,https://www.linkedin.com/search/results/people/?keywords=Adeju+Thompson+Lagos+Space+Programme,normal
01-fashion-streetwear,30,House of Irawo,,Temidola Ikomi,Co-founder,https://news.northeastern.edu/?p=144774,https://www.linkedin.com/in/dolaikomi/,https://www.linkedin.com/search/results/people/?keywords=Temidola+Ikomi+House+of+Irawo,normal
01-fashion-streetwear,30,House of Irawo,,Abby Ikomi,"Founder and creative director, Irawo Studio",https://www.linkedin.com/in/abby-ikomi-aab76b5a/,https://www.linkedin.com/in/abby-ikomi-aab76b5a/,https://www.linkedin.com/search/results/people/?keywords=Abby+Ikomi+House+of+Irawo,normal
01-fashion-streetwear,31,Hudayya,,Hudayya Fadoul Abacha,"Founder and CEO, Hudayya Couture Ltd",https://www.glamour.co.za/fashion/trends/10-trendy-absolutely-amazing-hudayya-woman-designs-25809373,,https://www.linkedin.com/search/results/people/?keywords=Hudayya+Fadoul+Abacha+Hudayya,normal
01-fashion-streetwear,32,Deola Sagoe,,Deola Sagoe,"Founder and CEO, House of Deola",https://businessday.ng/offduty/article/deola-sagoe-haute-couture-fashionista-26-years-of-alluring-expertise-still-counting/,,https://www.linkedin.com/search/results/people/?keywords=Deola+Sagoe+Deola+Sagoe,normal
01-fashion-streetwear,33,Frank Oshodi,,Frank Osodi,"Founder and head, Bunor Creazioni",https://africafashionweek.com/magazine/frank-osodi-of-africa-fashion-week-new-york-native-vogue-international-fashion-week-port-harcourt-september-20th-22nd-2013/,,https://www.linkedin.com/search/results/people/?keywords=Frank+Osodi+Frank+Oshodi,normal
01-fashion-streetwear,34,Zephans & Co,,Nkiru (Kiki) Achukwu,Founder and creative director,https://businessday.ng/news/article/nkiru-achukwu-global-stage-presence-makes-powerful-economic-statement/,https://ng.linkedin.com/in/nkiru-achukwu-ayemere-066a04176,https://www.linkedin.com/search/results/people/?keywords=Nkiru+%28Kiki%29+Achukwu+Zephans+%26+Co,normal
01-fashion-streetwear,35,JZO,,Joseph O. Ike,Co-founder and creative director,https://guardian.ng/saturday-magazine/life-a-style/fashion-focus-jzo-designs/,,https://www.linkedin.com/search/results/people/?keywords=Joseph+O.+Ike+JZO,normal
01-fashion-streetwear,35,JZO,,Olamide Akindeinde,Co-founder and creative director,https://guardian.ng/saturday-magazine/life-a-style/fashion-focus-jzo-designs/,,https://www.linkedin.com/search/results/people/?keywords=Olamide+Akindeinde+JZO,normal
01-fashion-streetwear,36,Knanfe,,Jemimah Nanfe Kefas-Oyeleke,Founder and creative director,https://sheerluxe.com/fashion/shopping/cool-african-fashion-brands-to-know,,https://www.linkedin.com/search/results/people/?keywords=Jemimah+Nanfe+Kefas-Oyeleke+Knanfe,normal
01-fashion-streetwear,38,Post Imperial,,Niyi Okuboyejo,Founder and designer,https://wallpaper.com/fashion/post-imperial-niyi-okuboyejo-profile,https://www.linkedin.com/in/niyiokuboyejo/,https://www.linkedin.com/search/results/people/?keywords=Niyi+Okuboyejo+Post+Imperial,normal
01-fashion-streetwear,39,Onalaja,,Kanyinsola Onalaja,Founder and designer,https://www.essence.com/fashion/kanyinsola-onalaja-designer-feature,,https://www.linkedin.com/search/results/people/?keywords=Kanyinsola+Onalaja+Onalaja,normal
01-fashion-streetwear,40,Ejiro Amos Tafiri,,Ejiro Amos Tafiri,"Founder, CEO and creative director",https://businessday.ng/bd-weekender/article/how-ejiro-amos-tafiri-preserves-nigerian-culture-fashion-into-timeless-global-statements/,https://www.linkedin.com/in/ejiro-amos-tafiri-27423993/,https://www.linkedin.com/search/results/people/?keywords=Ejiro+Amos+Tafiri+Ejiro+Amos+Tafiri,normal
01-fashion-streetwear,41,Kelechi Amadi-Obi,kelechiamadiobi.com,Kelechi Amadi-Obi,"Founder, photographer and publisher of Mania Magazine",https://en.wikipedia.org/wiki/Kelechi_Amadi-Obi,https://www.linkedin.com/in/kelechi-amadi-obi-642724a/,https://www.linkedin.com/search/results/people/?keywords=Kelechi+Amadi-Obi+Kelechi+Amadi-Obi,normal
01-fashion-streetwear,42,IAMISIGO,,Bubu Ogisi,Founder and designer,https://www.lvmhprize.com/en/iamisigo,https://www.linkedin.com/in/bubu-ogisi-25073734/,https://www.linkedin.com/search/results/people/?keywords=Bubu+Ogisi+IAMISIGO,normal
01-fashion-streetwear,43,Kunbi Oyelese (April by Kunbi),,Olakunbi (Kunbi) Oyelese,Founder and designer,https://www.bellanaija.com/2016/08/kunbirella-her-king-bellanaija-weddings-presents-kunbi-oyelese-lanre-tomoris-wedding/,,https://www.linkedin.com/search/results/people/?keywords=Olakunbi+%28Kunbi%29+Oyelese+Kunbi+Oyelese+%28April+by+Kunbi%29,normal
01-fashion-streetwear,44,Lanre Da Silva Ajayi,,Lanre Da Silva Ajayi,Founder and creative director,https://www.bellanaija.com/2025/11/lanre-da-silva/,,https://www.linkedin.com/search/results/people/?keywords=Lanre+Da+Silva+Ajayi+Lanre+Da+Silva+Ajayi,normal
01-fashion-streetwear,45,Style House Files,,Omoyemi Akerele,"Founder and CEO, Style House Files and Lagos Fashion Week",https://en.wikipedia.org/wiki/Omoyemi_Akerele,https://www.linkedin.com/in/omoyemi-akerele-26806541/,https://www.linkedin.com/search/results/people/?keywords=Omoyemi+Akerele+Style+House+Files,normal
01-fashion-streetwear,46,T.I Nathan,tinathan.com,Temitayo Ilesanmi Nathan,Creative director,https://lagosfashionweek.ng/designers/t-i-nathan,,https://www.linkedin.com/search/results/people/?keywords=Temitayo+Ilesanmi+Nathan+T.I+Nathan,normal
01-fashion-streetwear,48,Dzyn Lagos,,Ogwa Iweze,Co-founder and creative director,https://lagosfashionweek.ng/designers/dzyn,,https://www.linkedin.com/search/results/people/?keywords=Ogwa+Iweze+Dzyn+Lagos,normal
01-fashion-streetwear,48,Dzyn Lagos,,Ofure Iweze,Co-founder and creative director,https://lagosfashionweek.ng/designers/dzyn,,https://www.linkedin.com/search/results/people/?keywords=Ofure+Iweze+Dzyn+Lagos,normal
01-fashion-streetwear,49,Emmy Collins,,Emeka (Emmy) Collins,"Founder and creative director, Emmy Collins London",https://businessday.ng/life-arts/article/emmy-collins-london-returns-with-a-bang/,,https://www.linkedin.com/search/results/people/?keywords=Emeka+%28Emmy%29+Collins+Emmy+Collins,normal
01-fashion-streetwear,50,Ituen Basi,,Ituen Bassey,Founder and designer,https://lagosfashionweek.ng/designers/iteun-basi,,https://www.linkedin.com/search/results/people/?keywords=Ituen+Bassey+Ituen+Basi,normal
02-beauty-personal-care,1,Nuban Beauty,,Stella Ndekile,Founder and CEO,https://nairametrics.com/2024/10/13/meet-9-founders-in-nigerias-multi-billion-dollar-beauty-industry/,https://ng.linkedin.com/in/stella-ndekile,https://www.linkedin.com/search/results/people/?keywords=Stella+Ndekile+Nuban+Beauty,normal
02-beauty-personal-care,2,Arami Essentials,,Ore Runsewe,Founder and CEO,https://thebenchmark.com.ng/ore-runsewe-innovates-african-beauty-with-arami-essentials/,https://ng.linkedin.com/in/ore-lawani-8325a536,https://www.linkedin.com/search/results/people/?keywords=Ore+Runsewe+Arami+Essentials,normal
02-beauty-personal-care,3,Zaron Cosmetics,,Oke Maduewesi,"Founder and CEO, Zaron group",https://leadingladiesafrica.org/?p=30422,https://www.linkedin.com/in/oke-maduewesi-273739127/,https://www.linkedin.com/search/results/people/?keywords=Oke+Maduewesi+Zaron+Cosmetics,normal
02-beauty-personal-care,4,House of Tara,,Rosemary Layode,Managing Director (appointed April 2025),https://nairametrics.com/?p=512625,https://ng.linkedin.com/in/rosemary-layode-salesexpert01,https://www.linkedin.com/search/results/people/?keywords=Rosemary+Layode+House+of+Tara,normal
02-beauty-personal-care,4,House of Tara,,Tara Fela-Durotoye,Founder,https://en.wikipedia.org/wiki/Tara_Fela-Durotoye,https://ng.linkedin.com/in/tara-fela-durotoye-862103150,https://www.linkedin.com/search/results/people/?keywords=Tara+Fela-Durotoye+House+of+Tara,normal
02-beauty-personal-care,5,R&R Luxury,,Valerie Obaze,Founder and CEO,https://www.beautyindependent.com/rr-skincare-showcases-african-roots-rebrand-readying-us-expansion/,https://www.linkedin.com/in/valerie-obaze-9ab16775/,https://www.linkedin.com/search/results/people/?keywords=Valerie+Obaze+R%26R+Luxury,normal
02-beauty-personal-care,6,Hegai & Esther,,Gbemisola Adebayo,Founder and Managing Director,https://www.thisdaylive.com/2023/01/27/hegai-esthers-artist-support-initiative-set-to-aid-talented-makeup-artists/,,https://www.linkedin.com/search/results/people/?keywords=Gbemisola+Adebayo+Hegai+%26+Esther,normal
02-beauty-personal-care,7,BN Beauty,,Uche Pedro,"Founder and CEO, BellaNaija",https://weforum.org/people/uche-pedro,https://www.linkedin.com/in/uchepedro/,https://www.linkedin.com/search/results/people/?keywords=Uche+Pedro+BN+Beauty,normal
02-beauty-personal-care,9,Epara Skincare,,Ozohu Adoh,Founder,https://nataal.com/epara,,https://www.linkedin.com/search/results/people/?keywords=Ozohu+Adoh+Epara+Skincare,normal
02-beauty-personal-care,10,Lush Hair Nigeria,,Vivian Obiano,Marketing Manager,https://themirroronline.com.ng/lush-hair-introduces-lush-nova-line-redefining-african-beauty-standards-at-fashion-week-2025,https://www.linkedin.com/in/vivian-obiano-148485106/,https://www.linkedin.com/search/results/people/?keywords=Vivian+Obiano+Lush+Hair+Nigeria,normal
02-beauty-personal-care,10,Lush Hair Nigeria,,Omoruyi Bello-Osagie,Brand Manager,https://www.brandtimes.com.ng/?p=28628,,https://www.linkedin.com/search/results/people/?keywords=Omoruyi+Bello-Osagie+Lush+Hair+Nigeria,normal
02-beauty-personal-care,11,TW Magazine Beauty,,Adesuwa Onyenokwe,"Founder, publisher and editor-in-chief",https://leadingladiesafrica.org/adesuwa-onyenokwe-launches-vlog-series-watch/,https://www.linkedin.com/in/adesuwa-onyenokwe-994311103/,https://www.linkedin.com/search/results/people/?keywords=Adesuwa+Onyenokwe+TW+Magazine+Beauty,normal
02-beauty-personal-care,11,TW Magazine Beauty,,Amaka Onyenokwe,"Editor, publisher and design director",https://www.linkedin.com/in/amaka-onyenokwe-0926a81a/,https://www.linkedin.com/in/amaka-onyenokwe-0926a81a/,https://www.linkedin.com/search/results/people/?keywords=Amaka+Onyenokwe+TW+Magazine+Beauty,normal
02-beauty-personal-care,14,Sleek Studio,,Ebele Ugochukwu,Group CEO,https://www.bellanaija.com/?p=617690,,https://www.linkedin.com/search/results/people/?keywords=Ebele+Ugochukwu+Sleek+Studio,normal
02-beauty-personal-care,16,Darling Hair Nigeria,,Kayode Oladapo,"CEO, Godrej West Africa (owner of Darling)",https://thecable.ng/godrej-taps-kayode-oladapo-as-first-nigerian-ceo-to-lead-expansion-in-west-africa,https://ng.linkedin.com/in/kayode-oladapo-43620024,https://www.linkedin.com/search/results/people/?keywords=Kayode+Oladapo+Darling+Hair+Nigeria,normal
02-beauty-personal-care,17,BMPRO,,Banke Meshida Lawal,Founder and CEO,https://leadingladiesafrica.org/ladybossquickfive-banke-meshida-lawal-of-bmpro-cosmetics-says-if-she-wasnt-an-entrepreneur-she-would-have-become-a-diplomat,https://www.linkedin.com/in/banke-meshida-lawal-a670335a/,https://www.linkedin.com/search/results/people/?keywords=Banke+Meshida+Lawal+BMPRO,normal
02-beauty-personal-care,20,Dudu-Osun,,Abiola Ogunrinde,"Founder, Tropical Naturals Ltd",https://skinsort.com/products/tropical-naturals-limited-face-cleansers,,https://www.linkedin.com/search/results/people/?keywords=Abiola+Ogunrinde+Dudu-Osun,normal
02-beauty-personal-care,31,Glam Africa Magazine,,Chioma Onwutalobi,Founder and publisher,https://africa.com/chioma-onwutalobi-on-creating-the-most-distributed-african-lifestyle-magazine,,https://www.linkedin.com/search/results/people/?keywords=Chioma+Onwutalobi+Glam+Africa+Magazine,normal
02-beauty-personal-care,34,Beautyworld Lagos,,Jamie Hill,"Managing Director, BtoB Events (organiser of Beauty West Africa)",https://beautywestafrica.com/beauty-west-africa-2022-will-be-biggest-ever,https://www.linkedin.com/in/jamie-hill-b7a8b211/,https://www.linkedin.com/search/results/people/?keywords=Jamie+Hill+Beautyworld+Lagos,normal
02-beauty-personal-care,38,Kinky Apothecary,,Nibi Lawson,Founder,https://leadingladiesafrica.org/?p=1154,,https://www.linkedin.com/search/results/people/?keywords=Nibi+Lawson+Kinky+Apothecary,normal
02-beauty-personal-care,44,Genevieve Magazine,,Betty Irabor,"Founder, publisher, editor-in-chief and CEO",https://en.wikipedia.org/wiki/Genevieve_Magazine,https://www.linkedin.com/in/betty-irabor-356183b0/,https://www.linkedin.com/search/results/people/?keywords=Betty+Irabor+Genevieve+Magazine,normal
02-beauty-personal-care,48,Medlin Boss,,Mimi Linda Yina (Medlin Boss),"Founder and CEO, Medlin Couture",https://newtelegraphng.com/meet-mimi-yina-aka-medlinboss-ceo-of-medline-couture/,,https://www.linkedin.com/search/results/people/?keywords=Mimi+Linda+Yina+%28Medlin+Boss%29+Medlin+Boss,normal
03-food-beverage,1,Rite Foods,,Seleem Adegunwa,Managing Director and CEO,https://guardian.ng/specials/rite-foods-limited-apenchant-for-quality-innovation-and-fanatical-commitment-to-excellenceseleem-adegunwa-md-ceo/,https://www.linkedin.com/in/seleem-adegunwa-801786128/,https://www.linkedin.com/search/results/people/?keywords=Seleem+Adegunwa+Rite+Foods,normal
03-food-beverage,2,Chivita,,Eelco Weber,Managing Director (appointed 2021),https://brandspurng.com/2021/09/30/chi-limited-taps-into-expertise-of-dairy-industry-veteran-eelco-weber-to-lead-company/,,https://www.linkedin.com/search/results/people/?keywords=Eelco+Weber+Chivita,normal
03-food-beverage,2,Chivita,,Bose Ogunyemi,"Category Head, Juices",https://brandcom.ng/?p=52214,,https://www.linkedin.com/search/results/people/?keywords=Bose+Ogunyemi+Chivita,normal
03-food-beverage,3,Chowdeck,chowdeck.com,Femi Aluko,Co-founder and CEO,https://www.ycombinator.com/companies/chowdeck,https://www.linkedin.com/in/femialuko/,https://www.linkedin.com/search/results/people/?keywords=Femi+Aluko+Chowdeck,normal
03-food-beverage,3,Chowdeck,chowdeck.com,Lanre Yusuf,Co-founder and COO,https://www.ycombinator.com/companies/chowdeck,,https://www.linkedin.com/search/results/people/?keywords=Lanre+Yusuf+Chowdeck,normal
03-food-beverage,3,Chowdeck,chowdeck.com,Olumide Ojo,Co-founder and CTO,https://www.ycombinator.com/companies/chowdeck,,https://www.linkedin.com/search/results/people/?keywords=Olumide+Ojo+Chowdeck,normal
03-food-beverage,4,Cafe Neo,,Ngozi Dozie,Co-founder and CEO,https://www.howwemadeitinafrica.com/two-brothers-started-lagos-first-coffee-shop-chain/,,https://www.linkedin.com/search/results/people/?keywords=Ngozi+Dozie+Cafe+Neo,normal
03-food-beverage,4,Cafe Neo,,Chijioke Dozie,Co-founder,https://www.howwemadeitinafrica.com/two-brothers-started-lagos-first-coffee-shop-chain/,,https://www.linkedin.com/search/results/people/?keywords=Chijioke+Dozie+Cafe+Neo,normal
03-food-beverage,5,Bukka Hut,,Rasheed Jaiyeola,Founder and CEO,https://www.thisdaylive.com/2022/09/30/bukka-hut-clarifies-brands-ownership/,,https://www.linkedin.com/search/results/people/?keywords=Rasheed+Jaiyeola+Bukka+Hut,normal
03-food-beverage,6,Chicken Republic,,Kofi Abunu,"Managing Director and CEO, Food Concepts Plc",https://marketingedge.com.ng/chicken-republic-celebrates-20-years-of-successful-business-operation/,,https://www.linkedin.com/search/results/people/?keywords=Kofi+Abunu+Chicken+Republic,normal
03-food-beverage,8,Dano Milk Nigeria,,Peder Pedersen,"Managing Director, Arla Foods Nigeria",https://businessday.ng/?p=1024722,https://www.linkedin.com/in/peder-pedersen-89634930/,https://www.linkedin.com/search/results/people/?keywords=Peder+Pedersen+Dano+Milk+Nigeria,normal
03-food-beverage,9,Debonairs Pizza Nigeria,,Debola Badejo,"Managing Director, UAC Restaurants (appointed 2021)",https://brandcom.ng/2021/04/08/debola-badejo-assumes-new-position-as-managing-director-uac-restaurants,https://www.linkedin.com/in/debola-badejo/,https://www.linkedin.com/search/results/people/?keywords=Debola+Badejo+Debonairs+Pizza+Nigeria,normal
03-food-beverage,11,Kilimanjaro Restaurant,,Ebele Enunwa,"Managing Director and CEO, Sundry Foods",https://allafrica.com/stories/202407020522.html,https://www.linkedin.com/in/ebele-enunwa-683aa43/,https://www.linkedin.com/search/results/people/?keywords=Ebele+Enunwa+Kilimanjaro+Restaurant,normal
03-food-beverage,11,Kilimanjaro Restaurant,,Nduka Mokwunye,"Head of Marketing, Sundry Foods",https://businessday.ng/companies/article/sundry-foods-upscales-business-opens-outlets-in-lagos-abuja-and-port-harcourt-2/,,https://www.linkedin.com/search/results/people/?keywords=Nduka+Mokwunye+Kilimanjaro+Restaurant,normal
03-food-beverage,11,Kilimanjaro Restaurant,,Nnamdi Opara,"Executive Director, Sundry Foods",https://ng.linkedin.com/in/nnamdi-opara-mciod-a789b938,https://ng.linkedin.com/in/nnamdi-opara-mciod-a789b938,https://www.linkedin.com/search/results/people/?keywords=Nnamdi+Opara+Kilimanjaro+Restaurant,normal
03-food-beverage,12,Nuli Juice,,Ada Osakwe,Founder and CEO,https://www.howwemadeitinafrica.com/nigeria-entrepreneur-explains-how-she-built-healthy-fast-food-brand-nuli/122706,https://www.linkedin.com/in/ada-osakwe-32890515/,https://www.linkedin.com/search/results/people/?keywords=Ada+Osakwe+Nuli+Juice,normal
03-food-beverage,13,SmallChops.ng,,Uche Ukonu,Founder and CEO,https://businessday.ng/?p=378196,https://www.linkedin.com/in/ucheukonujnr/,https://www.linkedin.com/search/results/people/?keywords=Uche+Ukonu+SmallChops.ng,normal
03-food-beverage,13,SmallChops.ng,,Chisom Aniedozie,Co-founder,https://techpoint.africa/insight/smallchopsng-100-million-selling-small-chops/,,https://www.linkedin.com/search/results/people/?keywords=Chisom+Aniedozie+SmallChops.ng,normal
03-food-beverage,14,FoodCourt Nigeria,,Henry Nneji,Co-founder and CEO,https://techpoint.africa/feature/inspired-by-ex-uber-ceo-yc-backed-foodcourt-is-putting-a-unique-spin-on-food-delivery/,https://www.linkedin.com/in/henrynneji/,https://www.linkedin.com/search/results/people/?keywords=Henry+Nneji+FoodCourt+Nigeria,normal
03-food-beverage,14,FoodCourt Nigeria,,Ovuoke Buluku,Co-founder and COO,https://www.ycombinator.com/companies/cokitchen,,https://www.linkedin.com/search/results/people/?keywords=Ovuoke+Buluku+FoodCourt+Nigeria,normal
03-food-beverage,15,Sweet Sensation,,Kehinde Kamson,Founder and CEO,https://www.thisdaylive.com/2024/09/30/sweet-sensation-unveils-affordable-pop-up-outlets-to-revolutionize-fast-food-in-lagos/,https://www.linkedin.com/in/kehinde-kamson-5517ba5b/,https://www.linkedin.com/search/results/people/?keywords=Kehinde+Kamson+Sweet+Sensation,normal
03-food-beverage,16,Mr Biggs,,Debola Badejo,"Managing Director, UAC Restaurants (appointed 2021)",https://brandcom.ng/2021/04/08/debola-badejo-assumes-new-position-as-managing-director-uac-restaurants,https://www.linkedin.com/in/debola-badejo/,https://www.linkedin.com/search/results/people/?keywords=Debola+Badejo+Mr+Biggs,normal
03-food-beverage,16,Mr Biggs,,Fola Aiyesimoju,"Group Managing Director, UAC of Nigeria",https://businessfront.com/finance/insights/nigerias-mrbiggs-debonairs-bleed-sales/,,https://www.linkedin.com/search/results/people/?keywords=Fola+Aiyesimoju+Mr+Biggs,normal
03-food-beverage,17,Tastee Fried Chicken,,Olayinka Pamela Adedayo,Founder and Managing Director / CEO,https://marketingedge.com.ng/meet-mrs-olayinka-pamela-adedayo-tastee-fried-chicken-founder/,,https://www.linkedin.com/search/results/people/?keywords=Olayinka+Pamela+Adedayo+Tastee+Fried+Chicken,normal
03-food-beverage,18,Bungalow Restaurant,,Kola Adewale,Founder (single unverified source),https://kashgain.net/blog/indulge-in-culinary-excellence-top-10-restaurants-in-nigeria/,,https://www.linkedin.com/search/results/people/?keywords=Kola+Adewale+Bungalow+Restaurant,normal
03-food-beverage,20,Terra Kulture,,Bolanle Austen-Peters,Founder and Managing Director,https://en.wikipedia.org/wiki/Bolanle_Austen-Peters,https://www.linkedin.com/in/bolanle-austen-peters-a18abb194/,https://www.linkedin.com/search/results/people/?keywords=Bolanle+Austen-Peters+Terra+Kulture,normal
03-food-beverage,25,The Place Restaurant,,Kola Adewale,"CEO, Smackers Ltd (operator of The Place)",https://www.brandtimes.com.ng/the-place-restaurant-expands-to-ibadan-opens-new-outlet-at-new-bodija/,,https://www.linkedin.com/search/results/people/?keywords=Kola+Adewale+The+Place+Restaurant,normal
03-food-beverage,26,Ofada Boy,,Tobi Fletcher,Founder and CEO,https://guardian.ng/art/ofada-boy-marks-15th-anniversary-set-to-hold-ofd-6-0-in-lagos/,https://www.linkedin.com/in/tobi-fletcher-95386744/,https://www.linkedin.com/search/results/people/?keywords=Tobi+Fletcher+Ofada+Boy,normal
03-food-beverage,27,Yellow Chilli,,Ebere Shogbola,Owner (per Wikipedia),https://en.wikipedia.org/wiki/Yellow_Chilli_Restaurant,https://www.linkedin.com/in/ebere-shogbola-258842156/,https://www.linkedin.com/search/results/people/?keywords=Ebere+Shogbola+Yellow+Chilli,normal
03-food-beverage,30,Indomie Nigeria,,Ramanathan Solayappan,"Head of Marketing, Indomie Nigeria",https://www.brandtimes.com.ng/indomie-plans-to-sustain-market-leadership-through-consumer-led-initiatives/,,https://www.linkedin.com/search/results/people/?keywords=Ramanathan+Solayappan+Indomie+Nigeria,normal
03-food-beverage,30,Indomie Nigeria,,Oluwaponmile Alabi,"Marketing Manager, Dufil Prima Foods",https://www.brandtimes.com.ng/?p=26882,,https://www.linkedin.com/search/results/people/?keywords=Oluwaponmile+Alabi+Indomie+Nigeria,normal
03-food-beverage,31,Peak Milk Nigeria,,Roger Adou,"Managing Director, FrieslandCampina WAMCO",https://businessday.ng/agriculture/article/frieslandcampina-pre-tax-profit-surges-566-as-finance-costs-debt-decline/,https://www.linkedin.com/in/adou-roger-philippe-624bb024/,https://www.linkedin.com/search/results/people/?keywords=Roger+Adou+Peak+Milk+Nigeria,normal
03-food-beverage,32,Coca-Cola Nigeria,,Alfred Olajide,"Vice President and Managing Director, Coca-Cola Nigeria (appointed 2021)",https://marketingedge.com.ng/coca-cola-nigeria-names-alfred-olajide-as-new-managing-director/,,https://www.linkedin.com/search/results/people/?keywords=Alfred+Olajide+Coca-Cola+Nigeria,low (global brand or government)
03-food-beverage,33,Maltina,,Thibaut Boidin,"Managing Director and CEO, Nigerian Breweries (from July 2025)",https://www.nbplc.com/executive-team/,https://www.linkedin.com/in/thibaut-boidin-057a881a/,https://www.linkedin.com/search/results/people/?keywords=Thibaut+Boidin+Maltina,normal
03-food-beverage,33,Maltina,,Sarah Agha,Marketing Director,https://www.nbplc.com/executive-team/,,https://www.linkedin.com/search/results/people/?keywords=Sarah+Agha+Maltina,normal
03-food-beverage,33,Maltina,,Elohor Olumide Awe,"Senior Brand Manager, Maltina",https://www.nbplc.com/?p=27036,,https://www.linkedin.com/search/results/people/?keywords=Elohor+Olumide+Awe+Maltina,normal
03-food-beverage,33,Maltina,,Emmanuel Oriakhi,Sales Director (Marketing Director until March 2025),https://www.linkedin.com/in/emmanuel-oriakhi/,https://www.linkedin.com/in/emmanuel-oriakhi/,https://www.linkedin.com/search/results/people/?keywords=Emmanuel+Oriakhi+Maltina,normal
03-food-beverage,35,Honeywell Flour Mills,,Boye Olusanya,"Group Managing Director, Flour Mills of Nigeria (owner of Honeywell Flour Mills)",https://guardian.ng/business-services/fmn-completes-acquisition-of-honeywell-flour-mills/,https://www.linkedin.com/in/omoboyede-olusanya-23a553163/,https://www.linkedin.com/search/results/people/?keywords=Boye+Olusanya+Honeywell+Flour+Mills,normal
03-food-beverage,36,Dangote Sugar,,Thabo Mabe,Group Managing Director and CEO (from December 2025),https://sugar.dangote.com/management-team,https://ng.linkedin.com/in/thabo-mabe-0a7981172,https://www.linkedin.com/search/results/people/?keywords=Thabo+Mabe+Dangote+Sugar,normal
03-food-beverage,37,La Casera,,Chinedum Okereke,Managing Director,https://businessamlive.com/?p=76782,,https://www.linkedin.com/search/results/people/?keywords=Chinedum+Okereke+La+Casera,normal
03-food-beverage,38,Minimie Chinchin,,Haresh Aswani,"Managing Director, Tolaram Group",https://mfa.gov.sg/Overseas-Mission/Lagos/About-the-Honorary-Consulate-General/Biographical-Summary,,https://www.linkedin.com/search/results/people/?keywords=Haresh+Aswani+Minimie+Chinchin,normal
03-food-beverage,40,"Eat N Go (Dominos, Cold Stone)",,Patrick McMichael,Group Managing Director and CEO,https://brandcom.ng/2021/02/26/eat-n-go-elevates-patrick-mcmichael-to-group-managing-director/,https://www.linkedin.com/in/patrick-mcmichael-b7a6b51b/,https://www.linkedin.com/search/results/people/?keywords=Patrick+McMichael+Eat+N+Go+%28Dominos%2C+Cold+Stone%29,normal
03-food-beverage,41,Jollof Rice Festival,,Chizoma Chukwueke,"CEO, Firewood Rice Nigeria (Firewood Jollof Festival)",https://www.thisdaylive.com/2024/11/09/firewood-jollof-festival-hits-lagos-november/,https://www.linkedin.com/in/chizoma-chukwueke-466211b4/,https://www.linkedin.com/search/results/people/?keywords=Chizoma+Chukwueke+Jollof+Rice+Festival,normal
03-food-beverage,42,FoodPro Nigeria,,Jamie Hill,"Managing Director, BtoB Events (organiser of Food & Beverage West Africa)",https://thisdaylive.com/index.php/2023/04/01/food-beverage-west-africa-trade-exhibition-gets-expansion,https://www.linkedin.com/in/jamie-hill-b7a8b211/,https://www.linkedin.com/search/results/people/?keywords=Jamie+Hill+FoodPro+Nigeria,normal
03-food-beverage,43,Nestle Nigeria,,Wassim Elhusseini,Managing Director and CEO,https://doclib.ngxgroup.com/Financial_NewsDocs/NESTLE_NIGERIA_PLC_-_PRESS_RELEASE_ON_2025_AUDITED_FINANCIAL_STATEMENTS.pdf,https://www.linkedin.com/in/wassim-elhusseini-b2a03291/,https://www.linkedin.com/search/results/people/?keywords=Wassim+Elhusseini+Nestle+Nigeria,low (global brand or government)
03-food-beverage,44,Fan Milk Nigeria,,Oreoluwa Atinmo,Managing Director (from April 2026),https://nairametrics.com/2026/07/03/fan-milk-danone-nigeria-appoints-mrs-oreoluwa-atinmo-as-managing-director/,https://ng.linkedin.com/in/oreoluwa-kolawole-atinmo,https://www.linkedin.com/search/results/people/?keywords=Oreoluwa+Atinmo+Fan+Milk+Nigeria,normal
03-food-beverage,46,Craft Gourmet,,Loubna (Lou) Fakhri-Baker,Co-founder and head chef,https://www.visualcollaborative.com/loubna_baker,https://www.linkedin.com/in/loubna-fakhri-baker-073731b0/,https://www.linkedin.com/search/results/people/?keywords=Loubna+%28Lou%29+Fakhri-Baker+Craft+Gourmet,normal
03-food-beverage,46,Craft Gourmet,,Tarek Baker,Co-founder,https://lehlebalde.com/craft-gourmet-by-lou-baker-a-consistent-lagos-favourite/,,https://www.linkedin.com/search/results/people/?keywords=Tarek+Baker+Craft+Gourmet,normal
03-food-beverage,47,Shiro Lagos,,Sanjay Mahtani,Co-founder (JSM Corporation),https://nairametrics.com/2025/02/23/meet-10-founders-of-the-most-expensive-restaurants-in-lagos/,,https://www.linkedin.com/search/results/people/?keywords=Sanjay+Mahtani+Shiro+Lagos,normal
03-food-beverage,47,Shiro Lagos,,Jay Singh,Co-founder,https://nairametrics.com/2025/02/23/meet-10-founders-of-the-most-expensive-restaurants-in-lagos/,,https://www.linkedin.com/search/results/people/?keywords=Jay+Singh+Shiro+Lagos,normal
03-food-beverage,50,So Fresh Nigeria,,Olagoke Balogun,Co-founder and CEO,https://businessday.ng/news/article/ph-and-expanding-outdoor-food-business-nigerians-have-embraced-fresh-food-and-fruits-lifestyle-says-so-fresh-ceo/,https://www.linkedin.com/in/olagoke-balogun-b102a468/,https://www.linkedin.com/search/results/people/?keywords=Olagoke+Balogun+So+Fresh+Nigeria,normal
03-food-beverage,50,So Fresh Nigeria,,Abimbola Balogun,Co-founder and Executive Director (COO),https://businessday.ng/news/article/ph-and-expanding-outdoor-food-business-nigerians-have-embraced-fresh-food-and-fruits-lifestyle-says-so-fresh-ceo/,,https://www.linkedin.com/search/results/people/?keywords=Abimbola+Balogun+So+Fresh+Nigeria,normal
04-real-estate-property,1,Sujimoto Construction,,Sijibomi Ogundele,CEO / Group Managing Director,https://en.wikipedia.org/wiki/Sijibomi_Ogundele,https://www.linkedin.com/in/sijibomi-ogundele/,https://www.linkedin.com/search/results/people/?keywords=Sijibomi+Ogundele+Sujimoto+Construction,normal
04-real-estate-property,2,Landwey Investment,,Sheila Ojei,CEO (appointed September 2023),https://leadingladiesafrica.org/?p=24719,https://ng.linkedin.com/in/thesheilaojei,https://www.linkedin.com/search/results/people/?keywords=Sheila+Ojei+Landwey+Investment,normal
04-real-estate-property,2,Landwey Investment,,Olawale Ayilara,"Group CEO, Oxygen Holdings (parent)",https://leadingladiesafrica.org/?p=24719,,https://www.linkedin.com/search/results/people/?keywords=Olawale+Ayilara+Landwey+Investment,normal
04-real-estate-property,3,Palton Morgan,,Adeyinka Adesope,"Group Managing Director, Palton Morgan Holdings",https://brandspurng.com/2017/08/13/grenadines-homes-signs-on-cappa-dalberto-as-contractors-for-n40b-atlantic-resort-project/,,https://www.linkedin.com/search/results/people/?keywords=Adeyinka+Adesope+Palton+Morgan,normal
04-real-estate-property,3,Palton Morgan,,Femi Banwo,"Chairman, Palton Morgan Holdings",https://brandspurng.com/2017/08/13/grenadines-homes-signs-on-cappa-dalberto-as-contractors-for-n40b-atlantic-resort-project/,,https://www.linkedin.com/search/results/people/?keywords=Femi+Banwo+Palton+Morgan,normal
04-real-estate-property,4,Lekki Gardens,,Richard Nyong,"Founder, Managing Director and CEO",https://dailytrust.com/giving-back-helped-lekki-gardens-become-market-leader-says-ceo,https://www.linkedin.com/in/richard-nyong-937b8315a/,https://www.linkedin.com/search/results/people/?keywords=Richard+Nyong+Lekki+Gardens,normal
04-real-estate-property,5,Revolution Plus,,Bamidele Onalaja,"Co-founder, Group Managing Director and CEO",https://guardian.ng/business-services/how-we-stood-tall-in-real-estate-business-in-nine-years-revolutionplus-property/,https://www.linkedin.com/in/bamidele-onalaja-a6b07710/,https://www.linkedin.com/search/results/people/?keywords=Bamidele+Onalaja+Revolution+Plus,normal
04-real-estate-property,5,Revolution Plus,,Tolulope Onalaja,Co-founder and Group Executive Director,https://guardian.ng/business-services/how-we-stood-tall-in-real-estate-business-in-nine-years-revolutionplus-property/,,https://www.linkedin.com/search/results/people/?keywords=Tolulope+Onalaja+Revolution+Plus,normal
04-real-estate-property,6,Mixta Africa,,Deji Alli,"CEO, Mixta Real Estate Plc",https://mixtafrica.com/?p=626,https://www.linkedin.com/in/deji-alli-255023236/,https://www.linkedin.com/search/results/people/?keywords=Deji+Alli+Mixta+Africa,normal
04-real-estate-property,6,Mixta Africa,,Sade Hughes,"Country Manager, Mixta Nigeria (from 2020)",https://estateintel.com/news/mixta-africa-announces-two-new-appointments,,https://www.linkedin.com/search/results/people/?keywords=Sade+Hughes+Mixta+Africa,normal
04-real-estate-property,7,Grenadines Homes,,Adeyinka Adesope,"Group Managing Director, Palton Morgan Holdings (parent)",https://brandspurng.com/2017/08/13/grenadines-homes-signs-on-cappa-dalberto-as-contractors-for-n40b-atlantic-resort-project/,,https://www.linkedin.com/search/results/people/?keywords=Adeyinka+Adesope+Grenadines+Homes,normal
04-real-estate-property,7,Grenadines Homes,,Noimot Olatunji,Managing Director (2014),https://www.vanguardngr.com/2014/09/grenadines-homes-unveils-katampe-scheme/amp/,,https://www.linkedin.com/search/results/people/?keywords=Noimot+Olatunji+Grenadines+Homes,normal
04-real-estate-property,8,Periwinkle Properties,,Chiedu A. Nweke,"Founder, Chairman and CEO, Periwinkle Empire",https://www.thisdaylive.com/2026/04/18/periwinkle-partners-seal-deal-for-luxury-high-rise-condo-in-banana-island/,https://www.linkedin.com/in/dr-chiedu-nweke-23992712a/,https://www.linkedin.com/search/results/people/?keywords=Chiedu+A.+Nweke+Periwinkle+Properties,normal
04-real-estate-property,8,Periwinkle Properties,,Tunde Olatunji,"Managing Director, Periwinkle Condos",https://www.thisdaylive.com/2026/04/18/periwinkle-partners-seal-deal-for-luxury-high-rise-condo-in-banana-island/,,https://www.linkedin.com/search/results/people/?keywords=Tunde+Olatunji+Periwinkle+Properties,normal
04-real-estate-property,10,T Pumpy Concept,,Akintayo Adaralegbe,Founder and CEO,https://blueprint.ng/abuja-real-estate-firm-expands-footprint-with-garden-city-project/,,https://www.linkedin.com/search/results/people/?keywords=Akintayo+Adaralegbe+T+Pumpy+Concept,normal
04-real-estate-property,12,Brains and Hammers,,Umar Abdullahi,"Pioneer CEO (now at Cosgrove, 04/18)",https://dailytrust.com/?p=110174,,https://www.linkedin.com/search/results/people/?keywords=Umar+Abdullahi+Brains+and+Hammers,normal
04-real-estate-property,13,Adron Homes,,Adetola Emmanuel-King,Group Managing Director and CEO,https://thisdaylive.com/index.php/2024/01/14/adron-homes-boss-adetola-emmanuel-kings-selling-point,https://www.linkedin.com/in/oba-adetola-emmanuelking/,https://www.linkedin.com/search/results/people/?keywords=Adetola+Emmanuel-King+Adron+Homes,normal
04-real-estate-property,13,Adron Homes,,Aderonke Emmanuel-King,"Executive Director, Finance",https://brandspurng.com/2022/08/24/adron-homes-bags-outstanding-real-estate-company-of-the-year/,,https://www.linkedin.com/search/results/people/?keywords=Aderonke+Emmanuel-King+Adron+Homes,normal
04-real-estate-property,14,CAPPA & D'Alberto,,Antonino Falduto,CFO,https://www.zonebourse.com/cours/action/CAPPA-AND-D-ALBERTO-PLC-20699287/societe/,,https://www.linkedin.com/search/results/people/?keywords=Antonino+Falduto+CAPPA+%26+D%27Alberto,normal
04-real-estate-property,15,Julius Berger Nigeria,,Peer Lubasch,Managing Director (from October 2024),https://thecable.ng/julius-berger-nigeria-appoints-new-md-as-goetsch-bows-out,,https://www.linkedin.com/search/results/people/?keywords=Peer+Lubasch+Julius+Berger+Nigeria,normal
04-real-estate-property,16,Propertymart,,Deji Fasunwon,Deputy Managing Director,https://businessday.ng/?p=463953,https://www.linkedin.com/in/deji-fasunwon-b1831460/,https://www.linkedin.com/search/results/people/?keywords=Deji+Fasunwon+Propertymart,normal
04-real-estate-property,16,Propertymart,,Oluwasegun Damiro,"General Manager, Sales and Marketing",https://businessday.ng/?p=463953,,https://www.linkedin.com/search/results/people/?keywords=Oluwasegun+Damiro+Propertymart,normal
04-real-estate-property,18,Cosgrove,,Umar Abdullahi,"Founder, Chairman and CEO",https://www.thisdaylive.com/2025/12/29/rewarding-excellence-cosgrove-approves-%e2%82%a64bn-worth-of-properties-to-staff-members/,https://www.linkedin.com/in/umar-abdullahi-ofr-329172a7/,https://www.linkedin.com/search/results/people/?keywords=Umar+Abdullahi+Cosgrove,normal
04-real-estate-property,19,Purple Capital,,Olaide Agboola,Co-founder and CEO,https://guardian.ng/business-services/purple-targets-n10b-for-real-estate-expansion-from-ipo/,https://ng.linkedin.com/company/purplegroupng,https://www.linkedin.com/search/results/people/?keywords=Olaide+Agboola+Purple+Capital,normal
04-real-estate-property,19,Purple Capital,,Obinna Onunkwo,Co-founder and Deputy CEO,https://zonebourse.com/insider/OBINNA-ONUNKWO-A1UL8K,,https://www.linkedin.com/search/results/people/?keywords=Obinna+Onunkwo+Purple+Capital,normal
04-real-estate-property,20,Lagos State Development & Property Corp,,Ayodeji Joseph,Managing Director and CEO,https://thisdaylive.com/index.php/2021/11/23/lsdpcs-new-ceo-ayodeji-joseph-pledges-to-increase-earnings,,https://www.linkedin.com/search/results/people/?keywords=Ayodeji+Joseph+Lagos+State+Development+%26+Property+Corp,low (global brand or government)
04-real-estate-property,21,Nigerian Building and Road Research Institute,,Samson Duna,Director-General,https://guardian.ng/?p=2473256,,https://www.linkedin.com/search/results/people/?keywords=Samson+Duna+Nigerian+Building+and+Road+Research+Institute,low (global brand or government)
04-real-estate-property,22,Octo5 Holdings,,Babajide (Jide) Odusolu,"CEO, Octo5 Holdings",https://businessday.ng/real-estate/article/we-are-committed-to-creating-wholesome-urban-communities-octo5-boss/,https://www.linkedin.com/in/jide-odusolu-6904332/,https://www.linkedin.com/search/results/people/?keywords=Babajide+%28Jide%29+Odusolu+Octo5+Holdings,normal
04-real-estate-property,22,Octo5 Holdings,,Lauretta Odusolu,Group Executive Director,https://nannews.ng/tag/octo5-holdings-ltd/,,https://www.linkedin.com/search/results/people/?keywords=Lauretta+Odusolu+Octo5+Holdings,normal
04-real-estate-property,23,Alaro City,,Yomi Ademola,"Chairman, Rendeavour West Africa",https://www.businesstraveller.com/sponsored/all-work-and-all-play-yomi-ademola-on-how-alaro-city-combines-the-best-of-business-and-community/,,https://www.linkedin.com/search/results/people/?keywords=Yomi+Ademola+Alaro+City,normal
04-real-estate-property,23,Alaro City,,Odunayo Ojo,"CEO, Alaro City (undated source)",https://dailytrust.com/?p=683692,,https://www.linkedin.com/search/results/people/?keywords=Odunayo+Ojo+Alaro+City,normal
04-real-estate-property,24,Eko Atlantic,,David Frame,"Chairman, South Energyx Nigeria Ltd (developer)",https://en.wikipedia.org/wiki/Eko_Atlantic,,https://www.linkedin.com/search/results/people/?keywords=David+Frame+Eko+Atlantic,normal
04-real-estate-property,25,Pinnacle Oil and Gas,,Adenike Labinjo,Managing Director and CEO (from March 2025),https://businessday.ng/energy/article/pinnacle-oil-appoints-adenike-labinjo-as-new-md-ceo/,,https://www.linkedin.com/search/results/people/?keywords=Adenike+Labinjo+Pinnacle+Oil+and+Gas,normal
04-real-estate-property,26,TAF Africa Homes,,Mustapha Njie,"Founder and CEO, TAF Africa Global",https://www.cnbcafrica.com/2017/taf-africa-homes-ceo-wins-aabla-entrepreneur-of-the-year-award/,,https://www.linkedin.com/search/results/people/?keywords=Mustapha+Njie+TAF+Africa+Homes,normal
04-real-estate-property,27,Metro Africa Xpress (MAX),,Adetayo Bamiduro,Co-founder and CEO,https://nigeria.endeavor.org/?p=3544,,https://www.linkedin.com/search/results/people/?keywords=Adetayo+Bamiduro+Metro+Africa+Xpress+%28MAX%29,normal
04-real-estate-property,27,Metro Africa Xpress (MAX),,Chinedu Azodoh,Co-founder,https://techcabal.com/2019/11/27/my-life-in-tech-a-history-on-bike-hailing-hard-lessons-and-growing-from-chinedu-azodoh/,,https://www.linkedin.com/search/results/people/?keywords=Chinedu+Azodoh+Metro+Africa+Xpress+%28MAX%29,normal
04-real-estate-property,29,Knight Frank Nigeria,,Frank Okosun,Senior Partner and CEO,https://guardian.ng/?p=1070330,,https://www.linkedin.com/search/results/people/?keywords=Frank+Okosun+Knight+Frank+Nigeria,low (global brand or government)
04-real-estate-property,30,UPDC (UAC Property),,Odunayo Ojo,CEO,https://doclib.ngxgroup.com/Financial_NewsDocs/47451_UPDC_PLC-NOTICE_OF_BOARD_CHANGES_CORPORATE_ACTIONS_JULY_2026.pdf,,https://www.linkedin.com/search/results/people/?keywords=Odunayo+Ojo+UPDC+%28UAC+Property%29,normal
04-real-estate-property,31,Veritasi Homes,,Adetola Nola,Founder and Managing Director / CEO,https://businessday.ng/?p=346570,https://ng.linkedin.com/in/nola-adetola-a75499136,https://www.linkedin.com/search/results/people/?keywords=Adetola+Nola+Veritasi+Homes,normal
04-real-estate-property,32,Fine and Country Nigeria,,Udo Okonjo,"CEO and Vice Chairman, Fine and Country West Africa",https://lbs.edu.ng/?p=10822,https://www.linkedin.com/in/udomaryanneokonjo/,https://www.linkedin.com/search/results/people/?keywords=Udo+Okonjo+Fine+and+Country+Nigeria,normal
04-real-estate-property,33,Novarick Homes,,Noah Ibrahim,"Founder, Managing Director and CEO",https://www.thisdaylive.com/2020/07/30/ibrahim-ceo-of-novarick-homes-named-one-of-nigerias-top-10-real-estate-disruptors/,https://www.linkedin.com/in/noahibrahim/,https://www.linkedin.com/search/results/people/?keywords=Noah+Ibrahim+Novarick+Homes,normal
04-real-estate-property,34,Urban Shelter,,Saadiya Aminu,Managing Director and CEO,https://guardian.ng/apo-press-releases/at-urban-shelter-every-project-offers-chance-to-change-lives-bring-peace-of-mind-saadiya-aminu/,https://www.linkedin.com/in/saadiya-aliyu-70794a127/,https://www.linkedin.com/search/results/people/?keywords=Saadiya+Aminu+Urban+Shelter,normal
04-real-estate-property,34,Urban Shelter,,Ibrahim Aliyu,Founder and Chairman,https://au.marketscreener.com/insider/MALLAM-ALIYU-A2P1HV/,,https://www.linkedin.com/search/results/people/?keywords=Ibrahim+Aliyu+Urban+Shelter,normal
04-real-estate-property,35,Pwan Group,,Jayne Onwumere,"Co-founder, Group Managing Director and CEO",https://guardian.ng/features/the-guardians-special-focus-on-nigerias-100-most-proactive-result-driven-ceos-in-2020-part-two/,https://www.linkedin.com/in/drjayneonwumere/,https://www.linkedin.com/search/results/people/?keywords=Jayne+Onwumere+Pwan+Group,normal
04-real-estate-property,35,Pwan Group,,Augustine Onwumere,Founder and Group Chairman,https://www.thisdaylive.com/2024/12/19/real-estate-giant-pwan-max-unveils-new-status-as-conglomerate-doles-out-9-cars-numerous-other-gifts-prizes/,,https://www.linkedin.com/search/results/people/?keywords=Augustine+Onwumere+Pwan+Group,normal
04-real-estate-property,37,Planet Project,,Abiodun (Biodun) Otunola,Founding Managing Director,https://businessday.ng/bd-weekender/article/new-era-of-diplomacy-biodun-otunola-inaugurated-as-mexicos-first-honorary-consul-in-lagos/,,https://www.linkedin.com/search/results/people/?keywords=Abiodun+%28Biodun%29+Otunola+Planet+Project,normal
04-real-estate-property,39,FirstHomes Africa,,Francis Ekeng,Founder,https://businessday.ng/?p=358478,,https://www.linkedin.com/search/results/people/?keywords=Francis+Ekeng+FirstHomes+Africa,normal
04-real-estate-property,39,FirstHomes Africa,,Bayo Ogunusi,Co-founder and CFO,https://businessday.ng/?p=358478,,https://www.linkedin.com/search/results/people/?keywords=Bayo+Ogunusi+FirstHomes+Africa,normal
04-real-estate-property,42,Northcourt Real Estate,,Ayo Ibaru,CEO (from June 2023),https://thisdaylive.com/index.php/2023/06/07/10-years-after-odunsi-exits-as-northcourt-ceo-ibaru-steps-in,,https://www.linkedin.com/search/results/people/?keywords=Ayo+Ibaru+Northcourt+Real+Estate,normal
04-real-estate-property,42,Northcourt Real Estate,,Tayo Odunsi,Co-founder (now runs Build Africa),https://thisdaylive.com/index.php/2023/06/07/10-years-after-odunsi-exits-as-northcourt-ceo-ibaru-steps-in,,https://www.linkedin.com/search/results/people/?keywords=Tayo+Odunsi+Northcourt+Real+Estate,normal
04-real-estate-property,43,Brookstone Property,,Joseph (Joe) Orji,Managing Partner,https://guardian.ng/business-services/real-estate-firm-unveils-new-luxury-project/,,https://www.linkedin.com/search/results/people/?keywords=Joseph+%28Joe%29+Orji+Brookstone+Property,normal
04-real-estate-property,43,Brookstone Property,,Atureta Emmanuel,Managing Partner,https://guardian.ng/business-services/real-estate-firm-unveils-new-luxury-project/,,https://www.linkedin.com/search/results/people/?keywords=Atureta+Emmanuel+Brookstone+Property,normal
04-real-estate-property,46,Zylus Group,,Oluwatosin Olatujoye,Group CEO,https://en.wikipedia.org/wiki/Oluwatosin_Olatujoye,https://www.linkedin.com/in/oluwatosin-olatujoye-6a3b20219/,https://www.linkedin.com/search/results/people/?keywords=Oluwatosin+Olatujoye+Zylus+Group,normal
04-real-estate-property,46,Zylus Group,,Bukola Olatujoye,"CEO, Zylus Group International",https://www.linkedin.com/in/bukola-olatujoye-735617216/,https://www.linkedin.com/in/bukola-olatujoye-735617216/,https://www.linkedin.com/search/results/people/?keywords=Bukola+Olatujoye+Zylus+Group,normal
05-hospitality-events,1,Landmark Africa,,Paul Onwuanibe,"CEO, Landmark Africa Group",https://en.wikipedia.org/wiki/Paul_Onwuanibe,https://www.linkedin.com/in/paul-onwuanibe-2011737/,https://www.linkedin.com/search/results/people/?keywords=Paul+Onwuanibe+Landmark+Africa,normal
05-hospitality-events,2,Eko Hotels,,Iyadunni Gbadebo,Director of Sales and Marketing,https://guardian.ng/life/events/eko-hotels-legacy-summit-to-groom-future-african-hospitality-leaders-iyadunni-gbadebo/,,https://www.linkedin.com/search/results/people/?keywords=Iyadunni+Gbadebo+Eko+Hotels,normal
05-hospitality-events,2,Eko Hotels,,Danny Kioupoureglou,General Manager,https://www.africainterviews.com/eko-hotels-at-50-what-africas-tourism-leaders-say-the-continent-must-do-next/,,https://www.linkedin.com/search/results/people/?keywords=Danny+Kioupoureglou+Eko+Hotels,normal
05-hospitality-events,3,The George Hotel,,Tien George,Chairman,https://estateintel.com/insights/a-new-luxury-hotel-for-lagos,,https://www.linkedin.com/search/results/people/?keywords=Tien+George+The+George+Hotel,normal
05-hospitality-events,3,The George Hotel,,Dorcas George,Managing Director (2015),https://businessday.ng/art-and-travel/article/a-luxury-hotel-the-george-brand-debuts-in-lagos/,,https://www.linkedin.com/search/results/people/?keywords=Dorcas+George+The+George+Hotel,normal
05-hospitality-events,5,Radisson Blu Lagos,,Ahmed Raza,"General Manager (from 2020) and District Director, Radisson Nigeria",https://www.arise.tv/radisson-blu-anchorage-names-ahmed-raza-new-gm/,,https://www.linkedin.com/search/results/people/?keywords=Ahmed+Raza+Radisson+Blu+Lagos,low (global brand or government)
05-hospitality-events,6,Southern Sun Ikoyi,,Mark Loxley,General Manager (circa 2018),https://guardian.ng/saturday-magazine/travel-a-tourism/at-10-southern-sun-reiterates-commitment-to-supporting-local-economy/,,https://www.linkedin.com/search/results/people/?keywords=Mark+Loxley+Southern+Sun+Ikoyi,low (global brand or government)
05-hospitality-events,7,Four Points by Sheraton Lagos,,Kaliq Essop,General Manager (April 2024),https://thisdaylive.com/index.php/2024/04/19/four-points-by-sheraton-hotel-rebrands,,https://www.linkedin.com/search/results/people/?keywords=Kaliq+Essop+Four+Points+by+Sheraton+Lagos,low (global brand or government)
05-hospitality-events,7,Four Points by Sheraton Lagos,,Monday Usoroh,Director of Sales,https://thisdaylive.com/index.php/2024/04/19/four-points-by-sheraton-hotel-rebrands,,https://www.linkedin.com/search/results/people/?keywords=Monday+Usoroh+Four+Points+by+Sheraton+Lagos,low (global brand or government)
05-hospitality-events,8,The Wheatbaker,,Simon Grindrod,General Manager,https://businessday.ng/life-arts/article/a-review-of-the-wheatbaker-at-8/,,https://www.linkedin.com/search/results/people/?keywords=Simon+Grindrod+The+Wheatbaker,normal
05-hospitality-events,10,InterContinental Lagos,,Didier Coeln,General Manager (2013 opening),https://businessday.ng/art-and-travel/article/intercontinental-truly-lagos-hospitality-hotbed/,,https://www.linkedin.com/search/results/people/?keywords=Didier+Coeln+InterContinental+Lagos,normal
05-hospitality-events,11,Transcorp Hilton Abuja,,Uzo Oshogwe,"Managing Director and CEO, Transcorp Hotels Plc (from January 2025)",https://heirsholdings.com/?p=25074,,https://www.linkedin.com/search/results/people/?keywords=Uzo+Oshogwe+Transcorp+Hilton+Abuja,normal
05-hospitality-events,15,Quilox Lagos,,Shina Peller,Founder (profile lists Quilox),https://www.linkedin.com/in/shina-peller-56399aa2/,https://www.linkedin.com/in/shina-peller-56399aa2/,https://www.linkedin.com/search/results/people/?keywords=Shina+Peller+Quilox+Lagos,normal
05-hospitality-events,23,Livespot360,,Deola Art Alade,Co-founder and Group CEO,https://www.linkedin.com/in/deolaartalade/,https://www.linkedin.com/in/deolaartalade/,https://www.linkedin.com/search/results/people/?keywords=Deola+Art+Alade+Livespot360,normal
05-hospitality-events,23,Livespot360,,Darey Art Alade,Co-founder and Chief Creative Officer,https://www.linkedin.com/in/darey-art-alade-28575b106/,https://www.linkedin.com/in/darey-art-alade-28575b106/,https://www.linkedin.com/search/results/people/?keywords=Darey+Art+Alade+Livespot360,normal
05-hospitality-events,27,Lagos Continental Hotel,,Karl Hala,"General Manager (2021) and Group GM, Continental Hotels",https://atcnews.org/lagos-continental-hotel-welcomes-karl-hala-as-general-manager/,,https://www.linkedin.com/search/results/people/?keywords=Karl+Hala+Lagos+Continental+Hotel,normal
05-hospitality-events,29,Protea Hotel Lagos,,Margaret Asian,"General Manager, Protea Hotel Ikeja Select",https://www.linkedin.com/in/margaret-asian-3a88a242/,https://www.linkedin.com/in/margaret-asian-3a88a242/,https://www.linkedin.com/search/results/people/?keywords=Margaret+Asian+Protea+Hotel+Lagos,normal
05-hospitality-events,30,Alara Lagos,,Reni Folawiyo,Founder,https://www.linkedin.com/in/reni-folawiyo-b5792295/,https://www.linkedin.com/in/reni-folawiyo-b5792295/,https://www.linkedin.com/search/results/people/?keywords=Reni+Folawiyo+Alara+Lagos,normal
05-hospitality-events,35,Nok by Alara,,Reni Folawiyo,Founder (NOK is part of Alara),https://www.linkedin.com/in/reni-folawiyo-b5792295/,https://www.linkedin.com/in/reni-folawiyo-b5792295/,https://www.linkedin.com/search/results/people/?keywords=Reni+Folawiyo+Nok+by+Alara,normal
05-hospitality-events,49,Freedom Park Lagos,,Theo Lawson,Founder and Chairman,https://www.linkedin.com/in/theo-lawson-2834092b/,https://www.linkedin.com/in/theo-lawson-2834092b/,https://www.linkedin.com/search/results/people/?keywords=Theo+Lawson+Freedom+Park+Lagos,normal
06-tech-saas,2,Kippa,,Kennedy Ekezie-Joseph,Co-founder and CEO,https://www.linkedin.com/in/kennedyekezie/,https://www.linkedin.com/in/kennedyekezie/,https://www.linkedin.com/search/results/people/?keywords=Kennedy+Ekezie-Joseph+Kippa,normal
06-tech-saas,3,Bujeti,,Samy Chiba,Co-founder and COO,https://www.linkedin.com/in/samychiba/,https://www.linkedin.com/in/samychiba/,https://www.linkedin.com/search/results/people/?keywords=Samy+Chiba+Bujeti,normal
06-tech-saas,4,Vendease,,Olumide Fayankin,Co-founder and CEO,https://ng.linkedin.com/in/olumide-fayankin-%F0%9F%90%9C-3a450339,https://ng.linkedin.com/in/olumide-fayankin-%F0%9F%90%9C-3a450339,https://www.linkedin.com/search/results/people/?keywords=Olumide+Fayankin+Vendease,normal
06-tech-saas,4,Vendease,,Gatumi Aliyu,Co-founder and CPO,https://www.linkedin.com/in/gatumialiyu/,https://www.linkedin.com/in/gatumialiyu/,https://www.linkedin.com/search/results/people/?keywords=Gatumi+Aliyu+Vendease,normal
06-tech-saas,5,SeamlessHR,,Deji Lana,Co-founder and CTO (CEO is Emmanuel Okeleji),https://www.linkedin.com/in/dejjy/,https://www.linkedin.com/in/dejjy/,https://www.linkedin.com/search/results/people/?keywords=Deji+Lana+SeamlessHR,normal
06-tech-saas,6,Helium Health,,Ralph Oluwole,Co-founder and Head of Growth,https://ng.linkedin.com/in/ralpholuwole,https://ng.linkedin.com/in/ralpholuwole,https://www.linkedin.com/search/results/people/?keywords=Ralph+Oluwole+Helium+Health,normal
06-tech-saas,7,Termii,,Emmanuel Gbolade,Co-founder and CEO,https://www.linkedin.com/in/gboladeemmanuel/,https://www.linkedin.com/in/gboladeemmanuel/,https://www.linkedin.com/search/results/people/?keywords=Emmanuel+Gbolade+Termii,normal
06-tech-saas,9,PiggyVest,,Somtochukwu Ifezue,Co-founder and CEO,https://www.linkedin.com/in/somtoifezue/,https://www.linkedin.com/in/somtoifezue/,https://www.linkedin.com/search/results/people/?keywords=Somtochukwu+Ifezue+PiggyVest,normal
06-tech-saas,9,PiggyVest,,Joshua Chibueze,Co-founder and CMO,https://ng.linkedin.com/in/jchibueze,https://ng.linkedin.com/in/jchibueze,https://www.linkedin.com/search/results/people/?keywords=Joshua+Chibueze+PiggyVest,normal
06-tech-saas,9,PiggyVest,,Odunayo Eweniyi,Co-founder and COO,https://uk.linkedin.com/in/odunayoeweniyi,https://uk.linkedin.com/in/odunayoeweniyi,https://www.linkedin.com/search/results/people/?keywords=Odunayo+Eweniyi+PiggyVest,normal
06-tech-saas,10,Cowrywise,,Razaq Ahmed,Co-founder and CEO (named on company page),https://ng.linkedin.com/company/cowrywise,https://ng.linkedin.com/company/cowrywise,https://www.linkedin.com/search/results/people/?keywords=Razaq+Ahmed+Cowrywise,normal
06-tech-saas,11,Mono,,Abdulhamid (Abdul) Hassan,Co-founder and CEO (Mono is now owned by Flutterwave),https://ng.linkedin.com/in/ijbkid,https://ng.linkedin.com/in/ijbkid,https://www.linkedin.com/search/results/people/?keywords=Abdulhamid+%28Abdul%29+Hassan+Mono,normal
06-tech-saas,12,Stears,,Preston Timeyin Ideh,Co-founder and CEO,https://www.linkedin.com/in/preston-timeyin-ideh-06484775/,https://www.linkedin.com/in/preston-timeyin-ideh-06484775/,https://www.linkedin.com/search/results/people/?keywords=Preston+Timeyin+Ideh+Stears,normal
06-tech-saas,12,Stears,,Michael Famoroti,Co-founder and Head of Intelligence,https://ng.linkedin.com/in/michael-famoroti-b1b0b740,https://ng.linkedin.com/in/michael-famoroti-b1b0b740,https://www.linkedin.com/search/results/people/?keywords=Michael+Famoroti+Stears,normal
06-tech-saas,13,Korapay,,Dickson Nsofor,CEO (company page link),https://ng.linkedin.com/company/kora-pay,https://ng.linkedin.com/company/kora-pay,https://www.linkedin.com/search/results/people/?keywords=Dickson+Nsofor+Korapay,normal
06-tech-saas,14,Grey.co,,Idorenyin Obong,Co-founder and CEO,https://www.linkedin.com/in/kingidee/,https://www.linkedin.com/in/kingidee/,https://www.linkedin.com/search/results/people/?keywords=Idorenyin+Obong+Grey.co,normal
06-tech-saas,15,Brass,,Emmanuel Okeke,Co-founder and CTO (company page link),https://ng.linkedin.com/company/joinbrass,https://ng.linkedin.com/company/joinbrass,https://www.linkedin.com/search/results/people/?keywords=Emmanuel+Okeke+Brass,normal
06-tech-saas,16,Risevest,,Eke Urum,Co-founder and CEO,https://www.linkedin.com/company/rise-vest,https://www.linkedin.com/company/rise-vest,https://www.linkedin.com/search/results/people/?keywords=Eke+Urum+Risevest,normal
06-tech-saas,17,Bamboo,,Richmond Bassey,Co-founder and CEO,https://www.linkedin.com/in/richmondbassey/,https://www.linkedin.com/in/richmondbassey/,https://www.linkedin.com/search/results/people/?keywords=Richmond+Bassey+Bamboo,normal
06-tech-saas,20,Anchor,,Segun Adeyemi,CEO,https://uk.linkedin.com/in/segunadeyemi,https://uk.linkedin.com/in/segunadeyemi,https://www.linkedin.com/search/results/people/?keywords=Segun+Adeyemi+Anchor,normal
06-tech-saas,21,Eden Life,,Nadayar Enegesi,Co-founder and CEO,https://www.linkedin.com/in/nadayar/,https://www.linkedin.com/in/nadayar/,https://www.linkedin.com/search/results/people/?keywords=Nadayar+Enegesi+Eden+Life,normal
06-tech-saas,22,Shuttlers,,Damilola Olokesusi,Co-founder and CEO,https://ng.linkedin.com/in/damilola-olokesusi-37638035,https://ng.linkedin.com/in/damilola-olokesusi-37638035,https://www.linkedin.com/search/results/people/?keywords=Damilola+Olokesusi+Shuttlers,normal
06-tech-saas,25,Topship,,Moses O Enenwali,Co-founder and CEO,https://www.linkedin.com/in/moses-o-enenwali-b37694192/,https://www.linkedin.com/in/moses-o-enenwali-b37694192/,https://www.linkedin.com/search/results/people/?keywords=Moses+O+Enenwali+Topship,normal
06-tech-saas,26,Releaf,,Ikenna Nzewi,Co-founder and CEO,https://www.linkedin.com/in/inzewi/,https://www.linkedin.com/in/inzewi/,https://www.linkedin.com/search/results/people/?keywords=Ikenna+Nzewi+Releaf,normal
06-tech-saas,27,ThriveAgric,,Uka Eje,Co-founder and CEO,https://www.linkedin.com/company/thriveagric,https://www.linkedin.com/company/thriveagric,https://www.linkedin.com/search/results/people/?keywords=Uka+Eje+ThriveAgric,normal
06-tech-saas,28,Farmcrowdy,,Onyeka Akumah,Founder and Chairman (now CEO of Treepz),https://ng.linkedin.com/in/onyekaakumah,https://ng.linkedin.com/in/onyekaakumah,https://www.linkedin.com/search/results/people/?keywords=Onyeka+Akumah+Farmcrowdy,normal
06-tech-saas,29,Autochek,,Etop Ikpe,Founder and CEO,https://ng.linkedin.com/company/autocheknigeria,https://ng.linkedin.com/company/autocheknigeria,https://www.linkedin.com/search/results/people/?keywords=Etop+Ikpe+Autochek,normal
06-tech-saas,34,Indicina,,Yvonne Johnson,Co-founder and CEO,https://ng.linkedin.com/in/yvonneoyetakin,https://ng.linkedin.com/in/yvonneoyetakin,https://www.linkedin.com/search/results/people/?keywords=Yvonne+Johnson+Indicina,normal
06-tech-saas,35,Payaza,,Seyi Ebenezer,Founder and Group CEO,https://ng.linkedin.com/company/payaza-africa,https://ng.linkedin.com/company/payaza-africa,https://www.linkedin.com/search/results/people/?keywords=Seyi+Ebenezer+Payaza,normal
06-tech-saas,35,Payaza,,Philips Akinyele,Co-founder and CTO,https://www.linkedin.com/in/philips-akinyele-7a80b030/,https://www.linkedin.com/in/philips-akinyele-7a80b030/,https://www.linkedin.com/search/results/people/?keywords=Philips+Akinyele+Payaza,normal
06-tech-saas,36,Sabi,,Ademola Adesina,Co-founder and President,https://www.linkedin.com/in/aadesina/,https://www.linkedin.com/in/aadesina/,https://www.linkedin.com/search/results/people/?keywords=Ademola+Adesina+Sabi,normal
06-tech-saas,36,Sabi,,Anu Adedoyin Adasolum,Co-founder and CEO,https://www.linkedin.com/in/anuadasolum/,https://www.linkedin.com/in/anuadasolum/,https://www.linkedin.com/search/results/people/?keywords=Anu+Adedoyin+Adasolum+Sabi,normal
06-tech-saas,37,TradeDepot,,Onyekachi Izukanne,Co-founder and CEO,https://www.linkedin.com/in/kachizukanne/,https://www.linkedin.com/in/kachizukanne/,https://www.linkedin.com/search/results/people/?keywords=Onyekachi+Izukanne+TradeDepot,normal
06-tech-saas,38,Omnibiz,,Deepankar Rustagi,"Founder and CEO, OmniRetail",https://ng.linkedin.com/company/omniretail-technology-limited,https://ng.linkedin.com/company/omniretail-technology-limited,https://www.linkedin.com/search/results/people/?keywords=Deepankar+Rustagi+Omnibiz,normal
06-tech-saas,39,mPharma,,Gregory Rockson,Co-founder and CEO,https://www.linkedin.com/in/gregory-rockson-43804449/,https://www.linkedin.com/in/gregory-rockson-43804449/,https://www.linkedin.com/search/results/people/?keywords=Gregory+Rockson+mPharma,normal
06-tech-saas,42,Getequity,,Jude Dike,Co-founder and CEO,https://www.linkedin.com/in/dikejudein/,https://www.linkedin.com/in/dikejudein/,https://www.linkedin.com/search/results/people/?keywords=Jude+Dike+Getequity,normal
06-tech-saas,43,Dojah,,Oluwatobiloba Ololade,CEO,https://www.linkedin.com/in/ololaday/,https://www.linkedin.com/in/ololaday/,https://www.linkedin.com/search/results/people/?keywords=Oluwatobiloba+Ololade+Dojah,normal
06-tech-saas,44,Okra,,Fara Ashiru,Co-founder and CEO,https://www.linkedin.com/in/faraashiru/,https://www.linkedin.com/in/faraashiru/,https://www.linkedin.com/search/results/people/?keywords=Fara+Ashiru+Okra,normal
06-tech-saas,45,Payhippo,,Dami Olawoye,CEO,https://uk.linkedin.com/in/dami-olawoye-53548822,https://uk.linkedin.com/in/dami-olawoye-53548822,https://www.linkedin.com/search/results/people/?keywords=Dami+Olawoye+Payhippo,normal
06-tech-saas,46,Earnipay,,Nonso Onwuzulike,CEO,https://www.linkedin.com/in/nonsoonwuzulike/,https://www.linkedin.com/in/nonsoonwuzulike/,https://www.linkedin.com/search/results/people/?keywords=Nonso+Onwuzulike+Earnipay,normal
06-tech-saas,48,AltSchool Africa,,Adewale Yusuf,Co-founder and CEO,https://www.linkedin.com/in/adewaleyusuf/,https://www.linkedin.com/in/adewaleyusuf/,https://www.linkedin.com/search/results/people/?keywords=Adewale+Yusuf+AltSchool+Africa,normal
06-tech-saas,50,Nomba,,Adeyinka (Yinka) Adewale,Co-founder and CEO,https://www.linkedin.com/in/adeyinka-adewale-7b779448/,https://www.linkedin.com/in/adeyinka-adewale-7b779448/,https://www.linkedin.com/search/results/people/?keywords=Adeyinka+%28Yinka%29+Adewale+Nomba,normal
07-fintech-financial-services,1,OPay,,Iniabasi Akpan,"Managing Director and Country Manager, OPay Nigeria",https://ng.linkedin.com/in/iniabasi-akpan-577a7622,https://ng.linkedin.com/in/iniabasi-akpan-577a7622,https://www.linkedin.com/search/results/people/?keywords=Iniabasi+Akpan+OPay,normal
07-fintech-financial-services,2,Moniepoint,,Tosin Eniolorunda,Co-founder and Group CEO,https://uk.linkedin.com/in/tosin-eniolorunda-46833618,https://uk.linkedin.com/in/tosin-eniolorunda-46833618,https://www.linkedin.com/search/results/people/?keywords=Tosin+Eniolorunda+Moniepoint,normal
07-fintech-financial-services,3,Kuda Bank,,Babs Ogundeyi,Co-founder and CEO,https://ng.linkedin.com/in/babsogundeyi,https://ng.linkedin.com/in/babsogundeyi,https://www.linkedin.com/search/results/people/?keywords=Babs+Ogundeyi+Kuda+Bank,normal
07-fintech-financial-services,4,Carbon,,Ngozi Dozie,Co-founder,https://www.linkedin.com/in/ngozidozie/,https://www.linkedin.com/in/ngozidozie/,https://www.linkedin.com/search/results/people/?keywords=Ngozi+Dozie+Carbon,normal
07-fintech-financial-services,4,Carbon,,Chijioke Dozie,Co-founder and co-CEO,https://www.linkedin.com/in/chijiokedozie/,https://www.linkedin.com/in/chijiokedozie/,https://www.linkedin.com/search/results/people/?keywords=Chijioke+Dozie+Carbon,normal
07-fintech-financial-services,6,Flutterwave,,Olugbenga (GB) Agboola,Co-founder and CEO,https://www.linkedin.com/in/gbagboola/,https://www.linkedin.com/in/gbagboola/,https://www.linkedin.com/search/results/people/?keywords=Olugbenga+%28GB%29+Agboola+Flutterwave,normal
07-fintech-financial-services,7,Paystack,,Shola Akinlade,Co-founder and CEO,https://www.linkedin.com/in/shollsman/,https://www.linkedin.com/in/shollsman/,https://www.linkedin.com/search/results/people/?keywords=Shola+Akinlade+Paystack,normal
07-fintech-financial-services,8,Paga,,Tayo Oviosu,Founder and Group CEO,https://www.linkedin.com/in/oviosu/,https://www.linkedin.com/in/oviosu/,https://www.linkedin.com/search/results/people/?keywords=Tayo+Oviosu+Paga,normal
07-fintech-financial-services,9,FairMoney,,Laurin Hainy,Co-founder and CEO,https://www.linkedin.com/in/laurin-nabuko-hainy-03a5b862/,https://www.linkedin.com/in/laurin-nabuko-hainy-03a5b862/,https://www.linkedin.com/search/results/people/?keywords=Laurin+Hainy+FairMoney,normal
07-fintech-financial-services,14,Chaka,,Tosin Osibodu,CEO,https://ng.linkedin.com/in/tosinosibodu,https://ng.linkedin.com/in/tosinosibodu,https://www.linkedin.com/search/results/people/?keywords=Tosin+Osibodu+Chaka,normal
07-fintech-financial-services,16,Aella Credit,,Akin Jones,"Co-founder and CEO (now Chairman, Aella MFB)",https://www.linkedin.com/in/akin-j-65b89ba/,https://www.linkedin.com/in/akin-j-65b89ba/,https://www.linkedin.com/search/results/people/?keywords=Akin+Jones+Aella+Credit,normal
07-fintech-financial-services,18,Lidya,,Tunde Kehinde,Co-founder and CEO,https://www.linkedin.com/in/tunde-kehinde-048aa635/,https://www.linkedin.com/in/tunde-kehinde-048aa635/,https://www.linkedin.com/search/results/people/?keywords=Tunde+Kehinde+Lidya,normal
07-fintech-financial-services,21,Sparkle,,Uzoma Dozie,Founder and CEO,https://ng.linkedin.com/company/sparklenigeria,https://ng.linkedin.com/company/sparklenigeria,https://www.linkedin.com/search/results/people/?keywords=Uzoma+Dozie+Sparkle,normal
07-fintech-financial-services,23,LAPO Microfinance,,Cynthia Ikponmwosa,Managing Director and CEO,https://www.linkedin.com/in/cynthia-ikponmwosa-5b469a383/,https://www.linkedin.com/in/cynthia-ikponmwosa-5b469a383/,https://www.linkedin.com/search/results/people/?keywords=Cynthia+Ikponmwosa+LAPO+Microfinance,normal
07-fintech-financial-services,28,Bloc,,Edmund Olotu,Founder,https://ng.linkedin.com/company/buildwithbloc,https://ng.linkedin.com/company/buildwithbloc,https://www.linkedin.com/search/results/people/?keywords=Edmund+Olotu+Bloc,normal
07-fintech-financial-services,33,Access Bank,,Roosevelt Ogbonna,Group Managing Director and CEO,https://ng.linkedin.com/in/roosevelt-ogbonna-b3875744,https://ng.linkedin.com/in/roosevelt-ogbonna-b3875744,https://www.linkedin.com/search/results/people/?keywords=Roosevelt+Ogbonna+Access+Bank,normal
07-fintech-financial-services,34,Wema Bank (ALAT),,Moruf Oseni,Managing Director and CEO (from April 2023),https://www.linkedin.com/company/wemabankplc,https://www.linkedin.com/company/wemabankplc,https://www.linkedin.com/search/results/people/?keywords=Moruf+Oseni+Wema+Bank+%28ALAT%29,normal
07-fintech-financial-services,38,AXA Mansard,,Tope Adeniyi,"CEO, AXA Mansard Health",https://www.linkedin.com/in/tope-adeniyi-673a8316/,https://www.linkedin.com/in/tope-adeniyi-673a8316/,https://www.linkedin.com/search/results/people/?keywords=Tope+Adeniyi+AXA+Mansard,normal
07-fintech-financial-services,39,Heirs Insurance,,Wole Fayemi,"MD and CEO, Heirs General Insurance",https://ng.linkedin.com/in/wole-fayemi-81379333,https://ng.linkedin.com/in/wole-fayemi-81379333,https://www.linkedin.com/search/results/people/?keywords=Wole+Fayemi+Heirs+Insurance,normal
07-fintech-financial-services,39,Heirs Insurance,,Niyi Onifade,"MD and CEO, Heirs Life Assurance",https://www.linkedin.com/in/niyionifade/,https://www.linkedin.com/in/niyionifade/,https://www.linkedin.com/search/results/people/?keywords=Niyi+Onifade+Heirs+Insurance,normal
07-fintech-financial-services,43,Remita,,John Tanimola Obaro,"Founder and Group Managing Director, SystemSpecs (owner of Remita)",https://ng.linkedin.com/in/john-tanimola-obaro,https://ng.linkedin.com/in/john-tanimola-obaro,https://www.linkedin.com/search/results/people/?keywords=John+Tanimola+Obaro+Remita,normal
07-fintech-financial-services,44,Interswitch,,Mitchell Elegbe,Founder and Group Managing Director and CEO,https://www.linkedin.com/company/interswitch-limited,https://www.linkedin.com/company/interswitch-limited,https://www.linkedin.com/search/results/people/?keywords=Mitchell+Elegbe+Interswitch,normal
07-fintech-financial-services,46,SystemSpecs (Remita),,John Tanimola Obaro,"Founder and Group Managing Director, SystemSpecs",https://ng.linkedin.com/in/john-tanimola-obaro,https://ng.linkedin.com/in/john-tanimola-obaro,https://www.linkedin.com/search/results/people/?keywords=John+Tanimola+Obaro+SystemSpecs+%28Remita%29,normal
07-fintech-financial-services,48,Providus Bank,,Walter Akpani,Managing Director (as of about 2024),https://ng.linkedin.com/company/providusbank,https://ng.linkedin.com/company/providusbank,https://www.linkedin.com/search/results/people/?keywords=Walter+Akpani+Providus+Bank,normal
07-fintech-financial-services,50,Fidelity Bank,,Nneka Onyeali-Ikpe,Managing Director and CEO,https://ng.linkedin.com/in/nneka-onyeali-ikpe,https://ng.linkedin.com/in/nneka-onyeali-ikpe,https://www.linkedin.com/search/results/people/?keywords=Nneka+Onyeali-Ikpe+Fidelity+Bank,normal
08-health-wellness,1,i-Fitness,,Foluso Ogunwale,Founder and CEO,https://ng.linkedin.com/company/ifitness-centre-ltd,https://ng.linkedin.com/company/ifitness-centre-ltd,https://www.linkedin.com/search/results/people/?keywords=Foluso+Ogunwale+i-Fitness,normal
08-health-wellness,8,Oriki Group,,Joycee Awosika,"Founder and Managing Director, ORIKI Group",https://www.linkedin.com/in/joyceeawosika/,https://www.linkedin.com/in/joyceeawosika/,https://www.linkedin.com/search/results/people/?keywords=Joycee+Awosika+Oriki+Group,normal
08-health-wellness,16,Health Plus Pharmacy,,Bukky George,Founder and Managing Director,https://ng.linkedin.com/in/bukky-george-4769a12b,https://ng.linkedin.com/in/bukky-george-4769a12b,https://www.linkedin.com/search/results/people/?keywords=Bukky+George+Health+Plus+Pharmacy,normal
08-health-wellness,17,MedPlus,,Joke Bakare,Founder and CEO,https://www.linkedin.com/company/medplus-pharmacy-limited,https://www.linkedin.com/company/medplus-pharmacy-limited,https://www.linkedin.com/search/results/people/?keywords=Joke+Bakare+MedPlus,normal
08-health-wellness,18,Reddington Hospital,,Emmanuel Matthews,"Group COO, Reddington Hospital",https://www.linkedin.com/in/emmanuel-matthews-44821b15/,https://www.linkedin.com/in/emmanuel-matthews-44821b15/,https://www.linkedin.com/search/results/people/?keywords=Emmanuel+Matthews+Reddington+Hospital,normal
08-health-wellness,23,Reliance HMO,,Femi Kuti,Co-founder and CEO,https://www.linkedin.com/in/femikuti/,https://www.linkedin.com/in/femikuti/,https://www.linkedin.com/search/results/people/?keywords=Femi+Kuti+Reliance+HMO,normal
08-health-wellness,25,Leadway Health,,Oladipupo Awosika,Chairman of the Board,https://www.linkedin.com/in/oladipupo-awosika-07a99010/,https://www.linkedin.com/in/oladipupo-awosika-07a99010/,https://www.linkedin.com/search/results/people/?keywords=Oladipupo+Awosika+Leadway+Health,normal
08-health-wellness,42,Vitafoam (Wellness),,Taiwo Adeniyi,Group Managing Director,https://ng.linkedin.com/in/adeniyi-taiwo-ayodele-73472685,https://ng.linkedin.com/in/adeniyi-taiwo-ayodele-73472685,https://www.linkedin.com/search/results/people/?keywords=Taiwo+Adeniyi+Vitafoam+%28Wellness%29,normal
08-health-wellness,43,Paelon Memorial Clinic,,Ngozi Onyia,Founder and Managing Director,https://www.linkedin.com/in/ngozi-onyia-71291b24/,https://www.linkedin.com/in/ngozi-onyia-71291b24/,https://www.linkedin.com/search/results/people/?keywords=Ngozi+Onyia+Paelon+Memorial+Clinic,normal
08-health-wellness,44,Nordica Fertility Centre,,Abayomi Ajayi,Founder and MD,https://www.linkedin.com/in/abayomi-ajayi-77a94b22/,https://www.linkedin.com/in/abayomi-ajayi-77a94b22/,https://www.linkedin.com/search/results/people/?keywords=Abayomi+Ajayi+Nordica+Fertility+Centre,normal
08-health-wellness,49,Whispa Health,,Morenike Fajemisin,Founder and CEO,https://www.linkedin.com/in/morenikefajemisin/,https://www.linkedin.com/in/morenikefajemisin/,https://www.linkedin.com/search/results/people/?keywords=Morenike+Fajemisin+Whispa+Health,normal
09-entertainment-media,1,Chocolate City Music,,Abuchi Peter Ugwu,"CEO, Chocolate City Music",https://www.linkedin.com/in/abuchi-peter-ugwu/,https://www.linkedin.com/in/abuchi-peter-ugwu/,https://www.linkedin.com/search/results/people/?keywords=Abuchi+Peter+Ugwu+Chocolate+City+Music,normal
09-entertainment-media,1,Chocolate City Music,,Audu Maikori,"Founder and Chairman, Chocolate City Group",https://www.linkedin.com/in/audumaikori/,https://www.linkedin.com/in/audumaikori/,https://www.linkedin.com/search/results/people/?keywords=Audu+Maikori+Chocolate+City+Music,normal
09-entertainment-media,2,Mavin Records,,Tega Oghenejobo,"President and COO, Mavin Global",https://www.linkedin.com/in/peter-tega-oghenejobo-680a3044/,https://www.linkedin.com/in/peter-tega-oghenejobo-680a3044/,https://www.linkedin.com/search/results/people/?keywords=Tega+Oghenejobo+Mavin+Records,normal
09-entertainment-media,3,960 Music Group,,Mark Redguard,Head of 960 Music Group,https://ng.linkedin.com/company/960-music-group,https://ng.linkedin.com/company/960-music-group,https://www.linkedin.com/search/results/people/?keywords=Mark+Redguard+960+Music+Group,normal
09-entertainment-media,4,InterSpace Distribution,,Eric Okechukwu,CEO,https://ng.linkedin.com/in/eric-okechukwu,https://ng.linkedin.com/in/eric-okechukwu,https://www.linkedin.com/search/results/people/?keywords=Eric+Okechukwu+InterSpace+Distribution,normal
09-entertainment-media,6,Freeme Music,,Michael Ugwu,Founder and CEO,https://www.linkedin.com/in/freemedigital/,https://www.linkedin.com/in/freemedigital/,https://www.linkedin.com/search/results/people/?keywords=Michael+Ugwu+Freeme+Music,normal
09-entertainment-media,7,Coventi,,Kunle Bamigboye,Co-founder and CEO,https://www.linkedin.com/in/kunle-bamigboye/,https://www.linkedin.com/in/kunle-bamigboye/,https://www.linkedin.com/search/results/people/?keywords=Kunle+Bamigboye+Coventi,normal
09-entertainment-media,17,IROKOtv,,Jason Njoku,Co-founder and CEO,https://www.linkedin.com/in/jasonnj/,https://www.linkedin.com/in/jasonnj/,https://www.linkedin.com/search/results/people/?keywords=Jason+Njoku+IROKOtv,normal
09-entertainment-media,18,FilmOne Distribution,,Moses Babatope,"Co-founder, FilmOne",https://www.linkedin.com/in/moses-babatope-9ba014134/,https://www.linkedin.com/in/moses-babatope-9ba014134/,https://www.linkedin.com/search/results/people/?keywords=Moses+Babatope+FilmOne+Distribution,normal
09-entertainment-media,19,Ebonylife Media,,Mo Abudu,"Founder and CEO, EbonyLife Group",https://ng.linkedin.com/in/mo-abudu,https://ng.linkedin.com/in/mo-abudu,https://www.linkedin.com/search/results/people/?keywords=Mo+Abudu+Ebonylife+Media,normal
09-entertainment-media,20,Anthill Studios,,Niyi Akinmolayan,Founder and creative director,https://www.linkedin.com/in/niyiakinmolayan/,https://www.linkedin.com/in/niyiakinmolayan/,https://www.linkedin.com/search/results/people/?keywords=Niyi+Akinmolayan+Anthill+Studios,normal
09-entertainment-media,23,Beat FM,,Chris Ubosi,"CEO, MegaLectrics (operator of The Beat 99.9 FM)",https://www.linkedin.com/in/chrisubosi/,https://www.linkedin.com/in/chrisubosi/,https://www.linkedin.com/search/results/people/?keywords=Chris+Ubosi+Beat+FM,normal
09-entertainment-media,25,The Cable,,Simon Kolawole,Founder and CEO,https://www.linkedin.com/in/simon-kolawole-41a71194/,https://www.linkedin.com/in/simon-kolawole-41a71194/,https://www.linkedin.com/search/results/people/?keywords=Simon+Kolawole+The+Cable,normal
09-entertainment-media,28,Zikoko,,Anita Ebinehita Eboigbe,"COO, Big Cabal Media (owner of Zikoko)",https://ng.linkedin.com/in/anita-ebinehita-eboigbe,https://ng.linkedin.com/in/anita-ebinehita-eboigbe,https://www.linkedin.com/search/results/people/?keywords=Anita+Ebinehita+Eboigbe+Zikoko,normal
09-entertainment-media,31,Street Souk,,Iretidayo Zaccheaus,Founder and convenor,https://ng.linkedin.com/company/street-souk,https://ng.linkedin.com/company/street-souk,https://www.linkedin.com/search/results/people/?keywords=Iretidayo+Zaccheaus+Street+Souk,normal
09-entertainment-media,34,ART X Lagos,,Tokini Peterside-Schwebig,Founder,https://www.linkedin.com/in/tokinipeterside/,https://www.linkedin.com/in/tokinipeterside/,https://www.linkedin.com/search/results/people/?keywords=Tokini+Peterside-Schwebig+ART+X+Lagos,normal
09-entertainment-media,42,The Ndani Group,,Otega Idadi,"Head of Production, NdaniTV",https://ng.linkedin.com/in/otega-idadi-6bb14475,https://ng.linkedin.com/in/otega-idadi-6bb14475,https://www.linkedin.com/search/results/people/?keywords=Otega+Idadi+The+Ndani+Group,normal
09-entertainment-media,45,Temple Management,,Idris Olorunnimbe,"Founder and Group CEO, The Temple Company",https://www.linkedin.com/in/idris-olorunnimbe-03b867119/,https://www.linkedin.com/in/idris-olorunnimbe-03b867119/,https://www.linkedin.com/search/results/people/?keywords=Idris+Olorunnimbe+Temple+Management,normal
09-entertainment-media,47,Noah's Ark Communications,,Lanre Adisa,Founder and Chief Creative Officer,https://ng.linkedin.com/company/noah's-ark-communications,https://ng.linkedin.com/company/noah's-ark-communications,https://www.linkedin.com/search/results/people/?keywords=Lanre+Adisa+Noah%27s+Ark+Communications,normal
09-entertainment-media,49,Smooth Promotions,,Ayo Animashaun,"Founder and CEO, Smooth Promotions, HipTV and The Headies",https://www.linkedin.com/in/ayo-animashaun-1226494a/,https://www.linkedin.com/in/ayo-animashaun-1226494a/,https://www.linkedin.com/search/results/people/?keywords=Ayo+Animashaun+Smooth+Promotions,normal
10-education-professional-development,2,The Bulb Africa,,Wande Adams,Co-founder and CEO,https://www.linkedin.com/in/wandeadams/,https://www.linkedin.com/in/wandeadams/,https://www.linkedin.com/search/results/people/?keywords=Wande+Adams+The+Bulb+Africa,normal
10-education-professional-development,6,uLesson,,Sim Shagaya,Founder and Group CEO (moving to Executive Chairman),https://www.linkedin.com/in/simdul/,https://www.linkedin.com/in/simdul/,https://www.linkedin.com/search/results/people/?keywords=Sim+Shagaya+uLesson,normal
10-education-professional-development,6,uLesson,,Iheanyichukwu Akwitti,CEO-designate (from June 2026),https://www.linkedin.com/in/iheanyichukwuakwitti/,https://www.linkedin.com/in/iheanyichukwuakwitti/,https://www.linkedin.com/search/results/people/?keywords=Iheanyichukwu+Akwitti+uLesson,normal
10-education-professional-development,13,New Horizons Nigeria,,Timothy (Tim) Akano,Managing Director,https://www.linkedin.com/in/tim-akano-638999185/,https://www.linkedin.com/in/tim-akano-638999185/,https://www.linkedin.com/search/results/people/?keywords=Timothy+%28Tim%29+Akano+New+Horizons+Nigeria,normal
10-education-professional-development,14,Utiva,,Eyitayo Ogunmola,Founder and CEO,https://www.linkedin.com/in/eyitayoogunmola/,https://www.linkedin.com/in/eyitayoogunmola/,https://www.linkedin.com/search/results/people/?keywords=Eyitayo+Ogunmola+Utiva,normal
10-education-professional-development,16,Semicolon Africa,,Sam Immanuel,CEO (one source names Adeyinka Adedokun),https://www.linkedin.com/in/samimmanuel/,https://www.linkedin.com/in/samimmanuel/,https://www.linkedin.com/search/results/people/?keywords=Sam+Immanuel+Semicolon+Africa,normal
10-education-professional-development,19,She Code Africa,,Ada Nduka Oyom,Founder and executive director,https://www.linkedin.com/in/ada-nduka-oyom/,https://www.linkedin.com/in/ada-nduka-oyom/,https://www.linkedin.com/search/results/people/?keywords=Ada+Nduka+Oyom+She+Code+Africa,normal
10-education-professional-development,21,Jobberman,,Ore Boboye,CEO,https://www.linkedin.com/company/jobbermannigeria,https://www.linkedin.com/company/jobbermannigeria,https://www.linkedin.com/search/results/people/?keywords=Ore+Boboye+Jobberman,normal
10-education-professional-development,23,FATE Foundation,,Adenike Adeyemi,Executive Director,https://www.linkedin.com/company/fate-foundation,https://www.linkedin.com/company/fate-foundation,https://www.linkedin.com/search/results/people/?keywords=Adenike+Adeyemi+FATE+Foundation,normal
10-education-professional-development,25,Tony Elumelu Foundation,,Somachi Chris-Asoluka,CEO,https://www.linkedin.com/in/somachi-chris-asoluka-39041013/,https://www.linkedin.com/in/somachi-chris-asoluka-39041013/,https://www.linkedin.com/search/results/people/?keywords=Somachi+Chris-Asoluka+Tony+Elumelu+Foundation,normal
10-education-professional-development,26,Lagos Business School,,Olayinka David-West,Dean,https://www.linkedin.com/in/olayinka-david-west/,https://www.linkedin.com/in/olayinka-david-west/,https://www.linkedin.com/search/results/people/?keywords=Olayinka+David-West+Lagos+Business+School,normal
10-education-professional-development,27,Pan-Atlantic University,,Enase Okonedo,Vice-Chancellor (as of 2023),https://www.linkedin.com/in/enase-odu-okonedo-5614771/,https://www.linkedin.com/in/enase-odu-okonedo-5614771/,https://www.linkedin.com/search/results/people/?keywords=Enase+Okonedo+Pan-Atlantic+University,normal
10-education-professional-development,31,Tekedia Institute,,Ndubuisi Ekekwe,Founder,https://www.linkedin.com/in/ndubuisi-ekekwe-36068210/,https://www.linkedin.com/in/ndubuisi-ekekwe-36068210/,https://www.linkedin.com/search/results/people/?keywords=Ndubuisi+Ekekwe+Tekedia+Institute,normal
10-education-professional-development,33,PrepClass,,Olumide Ogunlana,Co-founder,https://www.linkedin.com/in/olumide-ogunlana-55b08242/,https://www.linkedin.com/in/olumide-ogunlana-55b08242/,https://www.linkedin.com/search/results/people/?keywords=Olumide+Ogunlana+PrepClass,normal
10-education-professional-development,34,Gradely,,Boye Oshinaga,Co-founder and CEO,https://ng.linkedin.com/in/boyeoshinaga,https://ng.linkedin.com/in/boyeoshinaga,https://www.linkedin.com/search/results/people/?keywords=Boye+Oshinaga+Gradely,normal
10-education-professional-development,39,Phillips Consulting,,Foluso Phillips,Chairman,https://www.linkedin.com/in/foluso-phillips-ba695122/,https://www.linkedin.com/in/foluso-phillips-ba695122/,https://www.linkedin.com/search/results/people/?keywords=Foluso+Phillips+Phillips+Consulting,normal
10-education-professional-development,42,Afrilearn,,Isaac Oladipupo,Co-founder and CEO,https://ng.linkedin.com/company/afrilearn,https://ng.linkedin.com/company/afrilearn,https://www.linkedin.com/search/results/people/?keywords=Isaac+Oladipupo+Afrilearn,normal
10-education-professional-development,42,Afrilearn,,Gabriel Olatunji-Legend,Co-founder and Head of Content,https://www.linkedin.com/in/olatunjilegend/,https://www.linkedin.com/in/olatunjilegend/,https://www.linkedin.com/search/results/people/?keywords=Gabriel+Olatunji-Legend+Afrilearn,normal
10-education-professional-development,43,Edukoya,,Honey Ogundeyi,Founder. Reported shut down in February 2025.,https://uk.linkedin.com/company/edukoya,https://uk.linkedin.com/company/edukoya,https://www.linkedin.com/search/results/people/?keywords=Honey+Ogundeyi+Edukoya,normal
