vertical,row,company,contact_name,contact_role,linkedin_profile,second_contact,second_contact_linkedin,company_linkedin,verified_general_email,personal_email,source,status,note
01-fashion-streetwear,1,Emmy Kasbit,Emmanuel Okoro,Founder and creative director,,,,,,,https://lagosfashionweek.ng/designers/emmy-kasbit,researched,Won the Fashion Focus Prize at Lagos Fashion Week 2017. No published email found.
01-fashion-streetwear,2,Ashluxe,Yinka Ash (Olayinka Ashogbon),Founder and CEO,https://ng.linkedin.com/in/yinka-ash,,,,,,https://guardian.ng/life/yinka-ash-reimagining-streetwear-in-africa/,researched,The full name Olayinka Ashogbon comes from a single blog source. No published email found.
01-fashion-streetwear,3,WafflesnCream,Jomi Marcus-Bello,Co-founder,https://www.linkedin.com/in/jomi-bello-799b33204/,Nifemi Marcus-Bello (Co-founder),,,,,https://nataal.com/waf-skatepark,researched,No published email found.
01-fashion-streetwear,4,Orange Culture,Adebayo Oke-Lawal,"Founder, CEO and creative director",,,,,,,https://www.businessoffashion.com/community/people/adebayo-oke-lawal,researched,LVMH Prize shortlist. No published email found.
01-fashion-streetwear,5,Kenneth Ize,Kenneth Ize,Founder and designer,,,,,,,https://en.wikipedia.org/wiki/Kenneth_Ize,researched,"Studio in Yaba, Lagos. No published email found."
01-fashion-streetwear,6,Maki Oh,Amaka Osakwe,Founder and designer,,,,,,,https://www.lvmhprize.com/en/maki-oh,researched,"Most coverage dates from 2013 to 2018, so current activity is unconfirmed."
01-fashion-streetwear,7,Andrea Iyamah,Andrea Dumebi Iyamah,Founder and designer,https://ca.linkedin.com/in/andrea-iyamah-200512a2,,,,press@andreaiyamah.com,,https://lingeriebriefs.com/2024/05/05/andrea-iyamah-adventurous-high-fashion-swimwear-with-an-african-flair/,researched,Press address published in a 2024 feature. admin@ appears only on a directory listing.
01-fashion-streetwear,8,Lisa Folawiyo,Lisa Folawiyo,Founder and creative director,https://www.linkedin.com/in/lisa-folawiyo-587b181b/,,,,info@lisafolawiyo.com,,https://en.wikipedia.org/wiki/Lisa_Folawiyo,researched,Showrooms in Lagos and New York.
01-fashion-streetwear,9,Tia Adeola,Teniola Tia Adeola,Founder and creative director,,,,https://www.linkedin.com/company/tiaadeola,,,https://lagosfashionweek.ng/designers/tia-adeola,researched,The brand operates mainly from New York. No press email found.
01-fashion-streetwear,10,Tokyo James,Iniye Tokyo James,Founder and designer,,,,,,,https://industrieafrica.com/resources/designers/tokyo-james,researched,British-Nigerian label founded in 2015. No published email found.
01-fashion-streetwear,11,Fruche,Frank Aghuno,Founder and creative director,https://www.linkedin.com/in/frank-aghuno-82459aaa/,,,,,,https://www.essence.com/fashion/frank-aghuno-fruche-interview/,researched,"Fruche is a womenswear label, so the list entry 'contemporary menswear' is wrong."
01-fashion-streetwear,12,Pepper Row,Omafume Niemogha,Founder and creative director,https://www.linkedin.com/in/omafumeniemogha-62799157/,,,,,,https://industrieafrica.com/resources/designers/pepper-row,researched,
01-fashion-streetwear,13,Maxivive,Papa (Babatunde) Oyeyemi,Founder and creative director,https://www.linkedin.com/in/papa-oyeyemi-6436a557/,,,,,,https://www.glamcult.com/?p=54197,researched,Runs the Maxivive Group of Fashion Brands.
01-fashion-streetwear,14,Bloke,Faith Oluwajimi,Founder and designer,https://www.linkedin.com/in/faitholuwajimi/,,,,,,https://metalmagazine.eu/post/bloke-unwalked-paths,researched,
01-fashion-streetwear,15,Vivendii,Jimmy Ayeni,Co-founder,,Ola Badiru (Co-founder),,,,,https://culturecustodian.com/custodian-interview-jimmy-ayeni-of-modus-vivendii/,researched,Also trades as Modus Vivendii and is based between Lagos and London.
01-fashion-streetwear,16,Nkwo,Nkwo Onwuka,Founder and creative director,https://www.linkedin.com/in/nkwo-onwuka-a8117a23a/,,,,,,https://lagosfashionweek.ng/designers/nkwo,researched,Brand name is NKWO.
01-fashion-streetwear,18,Clan,Teni Sagoe,Co-founder and creative director,,Aba Sagoe (Co-founder),,,,,https://businessday.ng/bd-weekender/article/nigerian-fashion-designers-you-should-get-to-know/,researched,"CLAN is a womenswear label founded in 2011, not streetwear. Linked to designer Deola Sagoe (row 32)."
01-fashion-streetwear,19,TZAR Studios,Ian Audifferen,Founder and designer,,,,,,,https://www.okayafrica.com/nigerian-label-tzars-black-white-menswear/217791,researched,Founder sources date from 2014 and 2015. Showed as Tzar Studio at Lagos Fashion Week SS23.
01-fashion-streetwear,21,Banke Kuku,Banke Kuku-Lawson,Founder and designer,https://www.linkedin.com/in/banke-kuku-40b37835/,,,,,,https://en.wikipedia.org/wiki/Banke_Kuku,researched,
01-fashion-streetwear,22,Gozel Green,Sylvia Enekwe-Ojei,Co-founder,,Olivia Enekwe-Okoji (Co-founder),,,,,https://lagosfashionweek.ng/designers/gozel-green,researched,
01-fashion-streetwear,23,Sisiano,Paolo Sisiano,Founder and designer,,,,,,,https://industrieafrica.com/collections/sisiano,researched,"Unisex label, not only menswear. A shop page said a store closes on 30 April 2026, so check whether the brand is still trading."
01-fashion-streetwear,24,Adebayo Jones,Adebayo Jones,Founder and designer,,,,,,,https://levogue.leadership.ng/luxury-couture-experience-africa-fashion-week-toronto/,researched,"Based in London, not Nigeria. Trades as Adebayo Jones Luxury."
01-fashion-streetwear,25,Mai Atafo,Mai (Ohimai) Atafo,Founder and creative director,,,,,,,https://www.wikipedia.org/wiki/Mai_Atafo,researched,The label was renamed Atafo. He is also Strategy Director at Firehouse Group.
01-fashion-streetwear,26,ABIOLA Collection,Abiola Adeniran-Olusola,Founder and creative director,,,,,,,https://lionessesofafrica.com/blog/2023/5/14/abiola-olusola-a-designer-pushing-the-african-narrative-through-fashion,researched,No brand called ABIOLA Collection was found. The likely match is the Abiola Olusola label. The handle in the old PDF was corrupted.
01-fashion-streetwear,27,House of Kaya,Ibrahim Abdulmumini,Founder,,,,,,,https://lagosfashionweek.ng/designers/house-of-kaya,researched,"House of Kaya is a modest womenswear couture house in northern Nigeria, not a leather goods brand. FashionUnited names the designer as Ibrahim Aminu."
01-fashion-streetwear,29,Lagos Space Programme,Adeju Thompson,Founder and designer,https://www.linkedin.com/in/adeju-thompson-707261253/,,,,,,https://collections.vam.ac.uk/item/O1724088/osun-seegesi-skirt-adeju-thompson,researched,Non-binary fashion design project founded in 2018.
01-fashion-streetwear,30,House of Irawo,Temidola Ikomi,Co-founder,https://www.linkedin.com/in/dolaikomi/,"Abby Ikomi (Founder and creative director, Irawo Studio)",https://www.linkedin.com/in/abby-ikomi-aab76b5a/,,,,https://news.northeastern.edu/?p=144774,researched,"Now trades as Irawo Studio, a womenswear brand run by a mother and three daughters. It is not a jewellery brand."
01-fashion-streetwear,31,Hudayya,Hudayya Fadoul Abacha,"Founder and CEO, Hudayya Couture Ltd",,,,,,,https://www.glamour.co.za/fashion/trends/10-trendy-absolutely-amazing-hudayya-woman-designs-25809373,researched,Based in Abuja. The modest ready-to-wear line is Hudayya Woman.
01-fashion-streetwear,32,Deola Sagoe,Deola Sagoe,"Founder and CEO, House of Deola",,,,https://ng.linkedin.com/company/deolasagoe,,,https://businessday.ng/offduty/article/deola-sagoe-haute-couture-fashionista-26-years-of-alluring-expertise-still-counting/,researched,"Registered as Deola Sagoe Limited, Victoria Island."
01-fashion-streetwear,33,Frank Oshodi,Frank Osodi,"Founder and head, Bunor Creazioni",,,,,,,https://africafashionweek.com/magazine/frank-osodi-of-africa-fashion-week-new-york-native-vogue-international-fashion-week-port-harcourt-september-20th-22nd-2013/,researched,The name is usually spelled Osodi. Labels are House of Bunor and Frank Osodi for Bunor. The source dates from 2013.
01-fashion-streetwear,34,Zephans & Co,Nkiru (Kiki) Achukwu,Founder and creative director,https://ng.linkedin.com/in/nkiru-achukwu-ayemere-066a04176,,,,,,https://businessday.ng/news/article/nkiru-achukwu-global-stage-presence-makes-powerful-economic-statement/,researched,Stores in Abuja and Lagos.
01-fashion-streetwear,35,JZO,Joseph O. Ike,Co-founder and creative director,,Olamide Akindeinde (Co-founder and creative director),,,,,https://guardian.ng/saturday-magazine/life-a-style/fashion-focus-jzo-designs/,researched,Based in Kaduna and Lagos.
01-fashion-streetwear,36,Knanfe,Jemimah Nanfe Kefas-Oyeleke,Founder and creative director,,,,,,,https://sheerluxe.com/fashion/shopping/cool-african-fashion-brands-to-know,researched,"Womenswear label based in Abuja, not a leather brand."
01-fashion-streetwear,38,Post Imperial,Niyi Okuboyejo,Founder and designer,https://www.linkedin.com/in/niyiokuboyejo/,,,,,,https://wallpaper.com/fashion/post-imperial-niyi-okuboyejo-profile,researched,"Based in New York, with production in Nigeria."
01-fashion-streetwear,39,Onalaja,Kanyinsola Onalaja,Founder and designer,,,,,,,https://www.essence.com/fashion/kanyinsola-onalaja-designer-feature,researched,
01-fashion-streetwear,40,Ejiro Amos Tafiri,Ejiro Amos Tafiri,"Founder, CEO and creative director",https://www.linkedin.com/in/ejiro-amos-tafiri-27423993/,,,,,,https://businessday.ng/bd-weekender/article/how-ejiro-amos-tafiri-preserves-nigerian-culture-fashion-into-timeless-global-statements/,researched,
01-fashion-streetwear,41,Kelechi Amadi-Obi,Kelechi Amadi-Obi,"Founder, photographer and publisher of Mania Magazine",https://www.linkedin.com/in/kelechi-amadi-obi-642724a/,,,,,,https://en.wikipedia.org/wiki/Kelechi_Amadi-Obi,researched,Domain is from Wikipedia. Studio address and phone come from a 2016 listing.
01-fashion-streetwear,42,IAMISIGO,Bubu Ogisi,Founder and designer,https://www.linkedin.com/in/bubu-ogisi-25073734/,,,,,,https://www.lvmhprize.com/en/iamisigo,researched,"Based in Lagos, Nairobi and Accra."
01-fashion-streetwear,43,Kunbi Oyelese (April by Kunbi),Olakunbi (Kunbi) Oyelese,Founder and designer,,,,,,,https://www.bellanaija.com/2016/08/kunbirella-her-king-bellanaija-weddings-presents-kunbi-oyelese-lanre-tomoris-wedding/,researched,"Sources date from 2012 to 2018, so check that the brand is still active."
01-fashion-streetwear,44,Lanre Da Silva Ajayi,Lanre Da Silva Ajayi,Founder and creative director,,,,,,,https://www.bellanaija.com/2025/11/lanre-da-silva/,researched,Marked 20 years of the label in November 2025.
01-fashion-streetwear,45,Style House Files,Omoyemi Akerele,"Founder and CEO, Style House Files and Lagos Fashion Week",https://www.linkedin.com/in/omoyemi-akerele-26806541/,,,,,,https://en.wikipedia.org/wiki/Omoyemi_Akerele,researched,
01-fashion-streetwear,46,T.I Nathan,Temitayo Ilesanmi Nathan,Creative director,,,,,,,https://lagosfashionweek.ng/designers/t-i-nathan,researched,"Sources date from 2013 to 2016, so current activity is unconfirmed."
01-fashion-streetwear,48,Dzyn Lagos,Ogwa Iweze,Co-founder and creative director,,Ofure Iweze (Co-founder and creative director),,,,,https://lagosfashionweek.ng/designers/dzyn,researched,"DZYN is a womenswear label, possibly based in Abuja. No Lagos retail store was confirmed."
01-fashion-streetwear,49,Emmy Collins,Emeka (Emmy) Collins,"Founder and creative director, Emmy Collins London",,,,,,,https://businessday.ng/life-arts/article/emmy-collins-london-returns-with-a-bang/,researched,Headquartered in London and returned to Lagos in December 2023.
01-fashion-streetwear,50,Ituen Basi,Ituen Bassey,Founder and designer,,,,,,,https://lagosfashionweek.ng/designers/iteun-basi,researched,The latest coverage found is from 2017.
02-beauty-personal-care,1,Nuban Beauty,Stella Ndekile,Founder and CEO,https://ng.linkedin.com/in/stella-ndekile,,,,,,https://nairametrics.com/2024/10/13/meet-9-founders-in-nigerias-multi-billion-dollar-beauty-industry/,researched,
02-beauty-personal-care,2,Arami Essentials,Ore Runsewe,Founder and CEO,https://ng.linkedin.com/in/ore-lawani-8325a536,,,,,,https://thebenchmark.com.ng/ore-runsewe-innovates-african-beauty-with-arami-essentials/,researched,Some sources give her surname as Lawani.
02-beauty-personal-care,3,Zaron Cosmetics,Oke Maduewesi,"Founder and CEO, Zaron group",https://www.linkedin.com/in/oke-maduewesi-273739127/,,,,,,https://leadingladiesafrica.org/?p=30422,researched,
02-beauty-personal-care,4,House of Tara,Rosemary Layode,Managing Director (appointed April 2025),https://ng.linkedin.com/in/rosemary-layode-salesexpert01,Tara Fela-Durotoye (Founder),https://ng.linkedin.com/in/tara-fela-durotoye-862103150,,,,https://nairametrics.com/?p=512625,researched,The founder handed day-to-day leadership to the new MD.
02-beauty-personal-care,5,R&R Luxury,Valerie Obaze,Founder and CEO,https://www.linkedin.com/in/valerie-obaze-9ab16775/,,,,,,https://www.beautyindependent.com/rr-skincare-showcases-african-roots-rebrand-readying-us-expansion/,researched,"Rebranded as R&R Skincare. The founder is based in Accra, and the Lekki flagship opened in 2013."
02-beauty-personal-care,6,Hegai & Esther,Gbemisola Adebayo,Founder and Managing Director,,,,,,,https://www.thisdaylive.com/2023/01/27/hegai-esthers-artist-support-initiative-set-to-aid-talented-makeup-artists/,researched,The source describes the company mainly as a makeup business.
02-beauty-personal-care,7,BN Beauty,Uche Pedro,"Founder and CEO, BellaNaija",https://www.linkedin.com/in/uchepedro/,,,,,,https://weforum.org/people/uche-pedro,researched,"BN Beauty is part of BellaNaija, so this duplicates 02/32 (Spa by BN) and 09/26 (BellaNaija). Contact BellaNaija once."
02-beauty-personal-care,9,Epara Skincare,Ozohu Adoh,Founder,,,,,,,https://nataal.com/epara,researched,"Based in the UK, though the brand has launched in Lagos. Sources are several years old."
02-beauty-personal-care,10,Lush Hair Nigeria,Vivian Obiano,Marketing Manager,https://www.linkedin.com/in/vivian-obiano-148485106/,Omoruyi Bello-Osagie (Brand Manager),,,,,https://themirroronline.com.ng/lush-hair-introduces-lush-nova-line-redefining-african-beauty-standards-at-fashion-week-2025,researched,A Lucky Fibres Ltd brand. No current MD was found. The marketing contacts are the best entry point for a brand pitch.
02-beauty-personal-care,11,TW Magazine Beauty,Adesuwa Onyenokwe,"Founder, publisher and editor-in-chief",https://www.linkedin.com/in/adesuwa-onyenokwe-994311103/,"Amaka Onyenokwe (Editor, publisher and design director)",https://www.linkedin.com/in/amaka-onyenokwe-0926a81a/,,,,https://leadingladiesafrica.org/adesuwa-onyenokwe-launches-vlog-series-watch/,researched,"Sources are older, so confirm her current title."
02-beauty-personal-care,14,Sleek Studio,Ebele Ugochukwu,Group CEO,,,,,,,https://www.bellanaija.com/?p=617690,researched,"Source dates from 2015, so current leadership is unconfirmed."
02-beauty-personal-care,16,Darling Hair Nigeria,Kayode Oladapo,"CEO, Godrej West Africa (owner of Darling)",https://ng.linkedin.com/in/kayode-oladapo-43620024,,,,,,https://thecable.ng/godrej-taps-kayode-oladapo-as-first-nigerian-ceo-to-lead-expansion-in-west-africa,researched,"Darling is owned by Godrej Consumer Products (India), not East African owned as the old list says. Pitch the local marketing lead."
02-beauty-personal-care,17,BMPRO,Banke Meshida Lawal,Founder and CEO,https://www.linkedin.com/in/banke-meshida-lawal-a670335a/,,,,,,https://leadingladiesafrica.org/ladybossquickfive-banke-meshida-lawal-of-bmpro-cosmetics-says-if-she-wasnt-an-entrepreneur-she-would-have-become-a-diplomat,researched,
02-beauty-personal-care,20,Dudu-Osun,Abiola Ogunrinde,"Founder, Tropical Naturals Ltd",,,,,,,https://skinsort.com/products/tropical-naturals-limited-face-cleansers,researched,Founder information comes from a product-review site only. No current MD was found.
02-beauty-personal-care,31,Glam Africa Magazine,Chioma Onwutalobi,Founder and publisher,,,,,,,https://africa.com/chioma-onwutalobi-on-creating-the-most-distributed-african-lifestyle-magazine,researched,"Based in the UK, with distribution in Nigeria."
02-beauty-personal-care,34,Beautyworld Lagos,Jamie Hill,"Managing Director, BtoB Events (organiser of Beauty West Africa)",https://www.linkedin.com/in/jamie-hill-b7a8b211/,,,,,,https://beautywestafrica.com/beauty-west-africa-2022-will-be-biggest-ever,researched,"There is no event called Beautyworld Lagos. The Lagos show is Beauty West Africa, which duplicates 02/37 (Beauty Africa)."
02-beauty-personal-care,38,Kinky Apothecary,Nibi Lawson,Founder,,,,https://ng.linkedin.com/company/kinky-apothecary,,,https://leadingladiesafrica.org/?p=1154,researched,
02-beauty-personal-care,43,Nivea Nigeria,,,,,,,,,,subsidiary,"Local arm of a global brand. Brand decisions sit abroad. Beiersdorf Nivea Consumer Products Nigeria Ltd is a multinational subsidiary, and no country MD was named in the sources. Brand decisions are likely made at regional or global level, so this is a weak fit."
02-beauty-personal-care,44,Genevieve Magazine,Betty Irabor,"Founder, publisher, editor-in-chief and CEO",https://www.linkedin.com/in/betty-irabor-356183b0/,,,,,,https://en.wikipedia.org/wiki/Genevieve_Magazine,researched,Published by Sonia Publications Ltd and headquartered in Lekki. The handle in the old PDF was corrupted.
02-beauty-personal-care,48,Medlin Boss,Mimi Linda Yina (Medlin Boss),"Founder and CEO, Medlin Couture",,,,,,,https://newtelegraphng.com/meet-mimi-yina-aka-medlinboss-ceo-of-medline-couture/,researched,"The business is Medlin Couture, a fashion styling and boutique brand."
03-food-beverage,1,Rite Foods,Seleem Adegunwa,Managing Director and CEO,https://www.linkedin.com/in/seleem-adegunwa-801786128/,,,,,,https://guardian.ng/specials/rite-foods-limited-apenchant-for-quality-innovation-and-fanatical-commitment-to-excellenceseleem-adegunwa-md-ceo/,researched,"Brands include Bigi, Fearless and Sosa. Covers 03/34 (Bigi) as well."
03-food-beverage,2,Chivita,Eelco Weber,Managing Director (appointed 2021),,"Bose Ogunyemi (Category Head, Juices)",,,,,https://brandspurng.com/2021/09/30/chi-limited-taps-into-expertise-of-dairy-industry-veteran-eelco-weber-to-lead-company/,researched,"UAC of Nigeria completed its purchase of CHI Limited in September 2025, so leadership may have changed."
03-food-beverage,3,Chowdeck,Femi Aluko,Co-founder and CEO,https://www.linkedin.com/in/femialuko/,Lanre Yusuf (Co-founder and COO),,,hello@chowdeck.com,,https://www.ycombinator.com/companies/chowdeck,researched,Duplicate of 06/8.
03-food-beverage,4,Cafe Neo,Ngozi Dozie,Co-founder and CEO,,Chijioke Dozie (Co-founder),,,,,https://www.howwemadeitinafrica.com/two-brothers-started-lagos-first-coffee-shop-chain/,researched,CB Insights lists Cafe Neo as having ceased operations. Confirm it is still trading before outreach.
03-food-beverage,5,Bukka Hut,Rasheed Jaiyeola,Founder and CEO,,,,,,,https://www.thisdaylive.com/2022/09/30/bukka-hut-clarifies-brands-ownership/,researched,
03-food-beverage,6,Chicken Republic,Kofi Abunu,"Managing Director and CEO, Food Concepts Plc",,,,,,,https://marketingedge.com.ng/chicken-republic-celebrates-20-years-of-successful-business-operation/,researched,
03-food-beverage,8,Dano Milk Nigeria,Peder Pedersen,"Managing Director, Arla Foods Nigeria",https://www.linkedin.com/in/peder-pedersen-89634930/,,,,,,https://businessday.ng/?p=1024722,researched,"Arla runs a joint venture with the Tolaram Group, so brand decisions are partly made in Denmark."
03-food-beverage,9,Debonairs Pizza Nigeria,Debola Badejo,"Managing Director, UAC Restaurants (appointed 2021)",https://www.linkedin.com/in/debola-badejo/,,,,,,https://brandcom.ng/2021/04/08/debola-badejo-assumes-new-position-as-managing-director-uac-restaurants,researched,"UAC Restaurants runs Debonairs and Mr Bigg's, so this also covers 03/16. Current MD is unconfirmed."
03-food-beverage,11,Kilimanjaro Restaurant,Ebele Enunwa,"Managing Director and CEO, Sundry Foods",https://www.linkedin.com/in/ebele-enunwa-683aa43/,"Nnamdi Opara (Executive Director, Sundry Foods)",https://ng.linkedin.com/in/nnamdi-opara-mciod-a789b938,,,,https://allafrica.com/stories/202407020522.html,researched,"Kilimanjaro is a Sundry Foods quick-service chain, not a single restaurant."
03-food-beverage,12,Nuli Juice,Ada Osakwe,Founder and CEO,https://www.linkedin.com/in/ada-osakwe-32890515/,,,,,,https://www.howwemadeitinafrica.com/nigeria-entrepreneur-explains-how-she-built-healthy-fast-food-brand-nuli/122706,researched,Opened its first US location in Washington DC in 2025.
03-food-beverage,13,SmallChops.ng,Uche Ukonu,Founder and CEO,https://www.linkedin.com/in/ucheukonujnr/,Chisom Aniedozie (Co-founder),,,,,https://businessday.ng/?p=378196,researched,"Now produces food in-house, with a production centre in Surulere."
03-food-beverage,14,FoodCourt Nigeria,Henry Nneji,Co-founder and CEO,https://www.linkedin.com/in/henrynneji/,Ovuoke Buluku (Co-founder and COO),,,,,https://techpoint.africa/feature/inspired-by-ex-uber-ceo-yc-backed-foodcourt-is-putting-a-unique-spin-on-food-delivery/,researched,"One unverified source reports a 2026 suspension of operations, so check status before outreach."
03-food-beverage,15,Sweet Sensation,Kehinde Kamson,Founder and CEO,https://www.linkedin.com/in/kehinde-kamson-5517ba5b/,,,,,,https://www.thisdaylive.com/2024/09/30/sweet-sensation-unveils-affordable-pop-up-outlets-to-revolutionize-fast-food-in-lagos/,researched,
03-food-beverage,16,Mr Biggs,Debola Badejo,"Managing Director, UAC Restaurants (appointed 2021)",https://www.linkedin.com/in/debola-badejo/,"Fola Aiyesimoju (Group Managing Director, UAC of Nigeria)",,,,,https://brandcom.ng/2021/04/08/debola-badejo-assumes-new-position-as-managing-director-uac-restaurants,researched,A 2025 report says Mr Bigg's sales are declining. The old PDF had a corrupted email.
03-food-beverage,17,Tastee Fried Chicken,Olayinka Pamela Adedayo,Founder and Managing Director / CEO,,,,,,,https://marketingedge.com.ng/meet-mrs-olayinka-pamela-adedayo-tastee-fried-chicken-founder/,researched,The handle in the old PDF was corrupted.
03-food-beverage,18,Bungalow Restaurant,Kola Adewale,Founder (single unverified source),,,,,,,https://kashgain.net/blog/indulge-in-culinary-excellence-top-10-restaurants-in-nigeria/,researched,"Low-confidence source, so confirm the owner before outreach."
03-food-beverage,19,Nkoyo Restaurant,,,,,,,,,,researched,"Restaurant exists, but no owner was named in any source."
03-food-beverage,20,Terra Kulture,Bolanle Austen-Peters,Founder and Managing Director,https://www.linkedin.com/in/bolanle-austen-peters-a18abb194/,,,,,,https://en.wikipedia.org/wiki/Bolanle_Austen-Peters,researched,Duplicate of 05/46.
03-food-beverage,24,Yahuza Suya,,,,,,,,,,researched,"The suya spot exists, but no owner was named in any source."
03-food-beverage,25,The Place Restaurant,Kola Adewale,"CEO, Smackers Ltd (operator of The Place)",,,,,,,https://www.brandtimes.com.ng/the-place-restaurant-expands-to-ibadan-opens-new-outlet-at-new-bodija/,researched,"The Place is part of Smackers Ltd. The Bungalow source (03/18) also names Kola Adewale, which may be a mix-up."
03-food-beverage,26,Ofada Boy,Tobi Fletcher,Founder and CEO,https://www.linkedin.com/in/tobi-fletcher-95386744/,,,,,,https://guardian.ng/art/ofada-boy-marks-15th-anniversary-set-to-hold-ofd-6-0-in-lagos/,researched,Located in Surulere. He also convenes the Ofada Rice Day festival.
03-food-beverage,27,Yellow Chilli,Ebere Shogbola,Owner (per Wikipedia),https://www.linkedin.com/in/ebere-shogbola-258842156/,,,,,,https://en.wikipedia.org/wiki/Yellow_Chilli_Restaurant,researched,A directory credits Chef Chidinma Ajoku as founder instead. Confirm the owner before outreach.
03-food-beverage,30,Indomie Nigeria,Ramanathan Solayappan,"Head of Marketing, Indomie Nigeria",,"Oluwaponmile Alabi (Marketing Manager, Dufil Prima Foods)",,,,,https://www.brandtimes.com.ng/indomie-plans-to-sustain-market-leadership-through-consumer-led-initiatives/,researched,The MD named in 2020 (Adhi Narto) is not current-confirmed.
03-food-beverage,31,Peak Milk Nigeria,Roger Adou,"Managing Director, FrieslandCampina WAMCO",https://www.linkedin.com/in/adou-roger-philippe-624bb024/,,,,,,https://businessday.ng/agriculture/article/frieslandcampina-pre-tax-profit-surges-566-as-finance-costs-debt-decline/,researched,"Peak is a global brand system, so pitch campaign or local work."
03-food-beverage,32,Coca-Cola Nigeria,Alfred Olajide,"Vice President and Managing Director, Coca-Cola Nigeria (appointed 2021)",,,,,,,https://marketingedge.com.ng/coca-cola-nigeria-names-alfred-olajide-as-new-managing-director/,subsidiary,"Local arm of a global brand. Brand decisions sit abroad. Global brand, so identity decisions are made in Atlanta. Weak fit. Current MD is unconfirmed."
03-food-beverage,33,Maltina,Thibaut Boidin,"Managing Director and CEO, Nigerian Breweries (from July 2025)",https://www.linkedin.com/in/thibaut-boidin-057a881a/,Emmanuel Oriakhi (Sales Director (Marketing Director until March 2025)),https://www.linkedin.com/in/emmanuel-oriakhi/,,,,https://www.nbplc.com/executive-team/,researched,
03-food-beverage,35,Honeywell Flour Mills,Boye Olusanya,"Group Managing Director, Flour Mills of Nigeria (owner of Honeywell Flour Mills)",https://www.linkedin.com/in/omoboyede-olusanya-23a553163/,,,,,,https://guardian.ng/business-services/fmn-completes-acquisition-of-honeywell-flour-mills/,researched,FMN acquired 71.69% of Honeywell Flour Mills in 2022.
03-food-beverage,36,Dangote Sugar,Thabo Mabe,Group Managing Director and CEO (from December 2025),https://ng.linkedin.com/in/thabo-mabe-0a7981172,,,,,,https://sugar.dangote.com/management-team,researched,
03-food-beverage,37,La Casera,Chinedum Okereke,Managing Director,,,,,,,https://businessamlive.com/?p=76782,researched,The handle in the old PDF (@lacacaserang) looks wrong.
03-food-beverage,38,Minimie Chinchin,Haresh Aswani,"Managing Director, Tolaram Group",,,,,,,https://mfa.gov.sg/Overseas-Mission/Lagos/About-the-Honorary-Consulate-General/Biographical-Summary,researched,"Minimie is made by Dufil Prima Foods, so pitch the Dufil marketing team named in 03/30."
03-food-beverage,40,"Eat N Go (Dominos, Cold Stone)",Patrick McMichael,Group Managing Director and CEO,https://www.linkedin.com/in/patrick-mcmichael-b7a6b51b/,,,,,,https://brandcom.ng/2021/02/26/eat-n-go-elevates-patrick-mcmichael-to-group-managing-director/,researched,"Master franchisee for Domino's, Cold Stone and Pinkberry, which covers 03/7, 03/10 and 03/22. The global franchisors control brand identity, so pitch digital, campaign or local work."
03-food-beverage,41,Jollof Rice Festival,Chizoma Chukwueke,"CEO, Firewood Rice Nigeria (Firewood Jollof Festival)",https://www.linkedin.com/in/chizoma-chukwueke-466211b4/,,,,,,https://www.thisdaylive.com/2024/11/09/firewood-jollof-festival-hits-lagos-november/,researched,No event called Jollof Rice Festival was found. The active Lagos jollof festival is the Firewood Jollof Festival. The handle in the old PDF was corrupted.
03-food-beverage,42,FoodPro Nigeria,Jamie Hill,"Managing Director, BtoB Events (organiser of Food & Beverage West Africa)",https://www.linkedin.com/in/jamie-hill-b7a8b211/,,,,,,https://thisdaylive.com/index.php/2023/04/01/food-beverage-west-africa-trade-exhibition-gets-expansion,researched,"No expo called FoodPro was found. The Lagos show is Food & Beverage West Africa, run by the same organiser as Beauty West Africa (02/34)."
03-food-beverage,43,Nestle Nigeria,Wassim Elhusseini,Managing Director and CEO,https://www.linkedin.com/in/wassim-elhusseini-b2a03291/,,,,,,https://doclib.ngxgroup.com/Financial_NewsDocs/NESTLE_NIGERIA_PLC_-_PRESS_RELEASE_ON_2025_AUDITED_FINANCIAL_STATEMENTS.pdf,subsidiary,"Local arm of a global brand. Brand decisions sit abroad. Global brand system, so this is a weak fit for identity work."
03-food-beverage,44,Fan Milk Nigeria,Oreoluwa Atinmo,Managing Director (from April 2026),https://ng.linkedin.com/in/oreoluwa-kolawole-atinmo,,,,,,https://nairametrics.com/2026/07/03/fan-milk-danone-nigeria-appoints-mrs-oreoluwa-atinmo-as-managing-director/,researched,Danone subsidiary.
03-food-beverage,46,Craft Gourmet,Loubna (Lou) Fakhri-Baker,Co-founder and head chef,https://www.linkedin.com/in/loubna-fakhri-baker-073731b0/,Tarek Baker (Co-founder),,,,,https://www.visualcollaborative.com/loubna_baker,researched,"Located at Mega Plaza, Victoria Island."
03-food-beverage,47,Shiro Lagos,Sanjay Mahtani,Co-founder (JSM Corporation),,Jay Singh (Co-founder),,,,,https://nairametrics.com/2025/02/23/meet-10-founders-of-the-most-expensive-restaurants-in-lagos/,researched,Duplicate of 05/13. JSM also runs Hard Rock Cafe Lagos (05/12).
03-food-beverage,50,So Fresh Nigeria,Olagoke Balogun,Co-founder and CEO,https://www.linkedin.com/in/olagoke-balogun-b102a468/,Abimbola Balogun (Co-founder and Executive Director (COO)),,,,,https://businessday.ng/news/article/ph-and-expanding-outdoor-food-business-nigerians-have-embraced-fresh-food-and-fruits-lifestyle-says-so-fresh-ceo/,researched,
04-real-estate-property,1,Sujimoto Construction,Sijibomi Ogundele,CEO / Group Managing Director,https://www.linkedin.com/in/sijibomi-ogundele/,,,,,,https://en.wikipedia.org/wiki/Sijibomi_Ogundele,researched,Risk flag: the EFCC declared him wanted in September 2025 over alleged fund diversion (per Wikipedia). Review before outreach.
04-real-estate-property,2,Landwey Investment,Sheila Ojei,CEO (appointed September 2023),https://ng.linkedin.com/in/thesheilaojei,"Olawale Ayilara (Group CEO, Oxygen Holdings (parent))",,,,,https://leadingladiesafrica.org/?p=24719,researched,
04-real-estate-property,3,Palton Morgan,Adeyinka Adesope,"Group Managing Director, Palton Morgan Holdings",,"Femi Banwo (Chairman, Palton Morgan Holdings)",,https://ng.linkedin.com/company/paltonmorgan,,,https://brandspurng.com/2017/08/13/grenadines-homes-signs-on-cappa-dalberto-as-contractors-for-n40b-atlantic-resort-project/,researched,The source dates from 2017. Palton Morgan is the parent of Grenadines Homes (04/7).
04-real-estate-property,4,Lekki Gardens,Richard Nyong,"Founder, Managing Director and CEO",https://www.linkedin.com/in/richard-nyong-937b8315a/,,,,,,https://dailytrust.com/giving-back-helped-lekki-gardens-become-market-leader-says-ceo,researched,
04-real-estate-property,5,Revolution Plus,Bamidele Onalaja,"Co-founder, Group Managing Director and CEO",https://www.linkedin.com/in/bamidele-onalaja-a6b07710/,Tolulope Onalaja (Co-founder and Group Executive Director),,,,,https://guardian.ng/business-services/how-we-stood-tall-in-real-estate-business-in-nine-years-revolutionplus-property/,researched,Same company as 04/50 (RevolutionPlus Property). Merged here.
04-real-estate-property,6,Mixta Africa,Deji Alli,"CEO, Mixta Real Estate Plc",https://www.linkedin.com/in/deji-alli-255023236/,"Sade Hughes (Country Manager, Mixta Nigeria (from 2020))",,,,,https://mixtafrica.com/?p=626,researched,
04-real-estate-property,7,Grenadines Homes,Adeyinka Adesope,"Group Managing Director, Palton Morgan Holdings (parent)",,Noimot Olatunji (Managing Director (2014)),,,,,https://brandspurng.com/2017/08/13/grenadines-homes-signs-on-cappa-dalberto-as-contractors-for-n40b-atlantic-resort-project/,researched,Sources are old (2014 and 2017). Pitch Palton Morgan and Grenadines together.
04-real-estate-property,8,Periwinkle Properties,Chiedu A. Nweke,"Founder, Chairman and CEO, Periwinkle Empire",https://www.linkedin.com/in/dr-chiedu-nweke-23992712a/,"Tunde Olatunji (Managing Director, Periwinkle Condos)",,,,,https://www.thisdaylive.com/2026/04/18/periwinkle-partners-seal-deal-for-luxury-high-rise-condo-in-banana-island/,researched,
04-real-estate-property,10,T Pumpy Concept,Akintayo Adaralegbe,Founder and CEO,,,,,,,https://blueprint.ng/abuja-real-estate-firm-expands-footprint-with-garden-city-project/,researched,
04-real-estate-property,11,HFP Engineering,,,,,,,,,,researched,Building and civil engineering contractor incorporated in 1979. No current MD was named in any source.
04-real-estate-property,12,Brains and Hammers,Umar Abdullahi,"Pioneer CEO (now at Cosgrove, 04/18)",,,,,,,https://dailytrust.com/?p=110174,researched,"Abuja developer founded in 2006. No current MD was found, as Abdullahi left after two terms."
04-real-estate-property,13,Adron Homes,Adetola Emmanuel-King,Group Managing Director and CEO,https://www.linkedin.com/in/oba-adetola-emmanuelking/,"Aderonke Emmanuel-King (Executive Director, Finance)",,,,,https://thisdaylive.com/index.php/2024/01/14/adron-homes-boss-adetola-emmanuel-kings-selling-point,researched,
04-real-estate-property,14,CAPPA & D'Alberto,Antonino Falduto,CFO,,,,,,,https://www.zonebourse.com/cours/action/CAPPA-AND-D-ALBERTO-PLC-20699287/societe/,researched,Listed contractor (Cappa and D'Alberto Plc). No current MD was found. Antonino Falduto is listed as CFO on Zonebourse.
04-real-estate-property,15,Julius Berger Nigeria,Peer Lubasch,Managing Director (from October 2024),,,,,,,https://thecable.ng/julius-berger-nigeria-appoints-new-md-as-goetsch-bows-out,researched,"Large listed contractor with an established identity, so it is a long shot."
04-real-estate-property,16,Propertymart,Deji Fasunwon,Deputy Managing Director,https://www.linkedin.com/in/deji-fasunwon-b1831460/,"Oluwasegun Damiro (General Manager, Sales and Marketing)",,https://www.linkedin.com/company/propertymart-real-estate-investment-ltd,,,https://businessday.ng/?p=463953,researched,Subsidiary of Palton Morgan (04/3).
04-real-estate-property,18,Cosgrove,Umar Abdullahi,"Founder, Chairman and CEO",https://www.linkedin.com/in/umar-abdullahi-ofr-329172a7/,,,,,,https://www.thisdaylive.com/2025/12/29/rewarding-excellence-cosgrove-approves-%e2%82%a64bn-worth-of-properties-to-staff-members/,researched,"Based in Abuja, not Lagos."
04-real-estate-property,19,Purple Capital,Olaide Agboola,Co-founder and CEO,https://ng.linkedin.com/company/purplegroupng,Obinna Onunkwo (Co-founder and Deputy CEO),,https://ng.linkedin.com/company/purplegroupng,,,https://guardian.ng/business-services/purple-targets-n10b-for-real-estate-expansion-from-ipo/,researched,Listed as Purple Real Estate Income Plc. The latest source is from 2022.
04-real-estate-property,20,Lagos State Development & Property Corp,Ayodeji Joseph,Managing Director and CEO,,,,,,,https://thisdaylive.com/index.php/2021/11/23/lsdpcs-new-ceo-ayodeji-joseph-pledges-to-increase-earnings,government,"Government body. Work goes through procurement. State-owned corporation, so work goes through procurement. In post since 2021, and current status is unconfirmed."
04-real-estate-property,21,Nigerian Building and Road Research Institute,Samson Duna,Director-General,,,,,,,https://guardian.ng/?p=2473256,government,"Government body. Work goes through procurement. Federal research institute, so work goes through procurement. The handle in the old PDF was corrupted."
04-real-estate-property,22,Octo5 Holdings,Babajide (Jide) Odusolu,"CEO, Octo5 Holdings",https://www.linkedin.com/in/jide-odusolu-6904332/,Lauretta Odusolu (Group Executive Director),,,,,https://businessday.ng/real-estate/article/we-are-committed-to-creating-wholesome-urban-communities-octo5-boss/,researched,
04-real-estate-property,23,Alaro City,Yomi Ademola,"Chairman, Rendeavour West Africa",,"Odunayo Ojo (CEO, Alaro City (undated source))",,,,,https://www.businesstraveller.com/sponsored/all-work-and-all-play-yomi-ademola-on-how-alaro-city-combines-the-best-of-business-and-community/,researched,"Odunayo Ojo is now CEO of UPDC (04/30), so the Alaro City CEO role may have changed."
04-real-estate-property,24,Eko Atlantic,David Frame,"Chairman, South Energyx Nigeria Ltd (developer)",,,,,,,https://en.wikipedia.org/wiki/Eko_Atlantic,researched,Part of the Chagoury Group. Sources are older.
04-real-estate-property,25,Pinnacle Oil and Gas,Adenike Labinjo,Managing Director and CEO (from March 2025),,,,,,,https://businessday.ng/energy/article/pinnacle-oil-appoints-adenike-labinjo-as-new-md-ceo/,researched,"Oil and gas company. No property arm was found, so it is a weak fit. The handle in the old PDF was corrupted."
04-real-estate-property,26,TAF Africa Homes,Mustapha Njie,"Founder and CEO, TAF Africa Global",,,,,,,https://www.cnbcafrica.com/2017/taf-africa-homes-ceo-wins-aabla-entrepreneur-of-the-year-award/,researched,Gambian-founded pan-African developer. The handle in the old PDF was corrupted.
04-real-estate-property,27,Metro Africa Xpress (MAX),Adetayo Bamiduro,Co-founder and CEO,,Chinedu Azodoh (Co-founder),,,,,https://nigeria.endeavor.org/?p=3544,researched,Mobility and EV company with no property division found. It fits better under tech (06). The handle in the old PDF was corrupted.
04-real-estate-property,29,Knight Frank Nigeria,Frank Okosun,Senior Partner and CEO,,,,,,,https://guardian.ng/?p=1070330,subsidiary,"Local arm of a global brand. Brand decisions sit abroad. International brand, so identity is set globally. Pitch event or local content work instead."
04-real-estate-property,30,UPDC (UAC Property),Odunayo Ojo,CEO,,,,,,,https://doclib.ngxgroup.com/Financial_NewsDocs/47451_UPDC_PLC-NOTICE_OF_BOARD_CHANGES_CORPORATE_ACTIONS_JULY_2026.pdf,researched,The old PDF email domain (upcdc.com) looks like a typo.
04-real-estate-property,31,Veritasi Homes,Adetola Nola,Founder and Managing Director / CEO,https://ng.linkedin.com/in/nola-adetola-a75499136,,,,,,https://businessday.ng/?p=346570,researched,
04-real-estate-property,32,Fine and Country Nigeria,Udo Okonjo,"CEO and Vice Chairman, Fine and Country West Africa",https://www.linkedin.com/in/udomaryanneokonjo/,,,,,,https://lbs.edu.ng/?p=10822,researched,Franchise of a UK brand.
04-real-estate-property,33,Novarick Homes,Noah Ibrahim,"Founder, Managing Director and CEO",https://www.linkedin.com/in/noahibrahim/,,,,,,https://www.thisdaylive.com/2020/07/30/ibrahim-ceo-of-novarick-homes-named-one-of-nigerias-top-10-real-estate-disruptors/,researched,
04-real-estate-property,34,Urban Shelter,Saadiya Aminu,Managing Director and CEO,https://www.linkedin.com/in/saadiya-aliyu-70794a127/,Ibrahim Aliyu (Founder and Chairman),,,,,https://guardian.ng/apo-press-releases/at-urban-shelter-every-project-offers-chance-to-change-lives-bring-peace-of-mind-saadiya-aminu/,researched,
04-real-estate-property,35,Pwan Group,Jayne Onwumere,"Co-founder, Group Managing Director and CEO",https://www.linkedin.com/in/drjayneonwumere/,Augustine Onwumere (Founder and Group Chairman),,,,,https://guardian.ng/features/the-guardians-special-focus-on-nigerias-100-most-proactive-result-driven-ceos-in-2020-part-two/,researched,Now trading as PWAN Max.
04-real-estate-property,37,Planet Project,Abiodun (Biodun) Otunola,Founding Managing Director,,,,,,,https://businessday.ng/bd-weekender/article/new-era-of-diplomacy-biodun-otunola-inaugurated-as-mexicos-first-honorary-consul-in-lagos/,researched,"Planet Projects is an engineering and transport firm (it built the Ikeja Bus Terminal), not a high-rise developer."
04-real-estate-property,39,FirstHomes Africa,Francis Ekeng,Founder,,Bayo Ogunusi (Co-founder and CFO),,,,,https://businessday.ng/?p=358478,researched,Rent-to-own model launched in 2019.
04-real-estate-property,42,Northcourt Real Estate,Ayo Ibaru,CEO (from June 2023),,Tayo Odunsi (Co-founder (now runs Build Africa)),,,,,https://thisdaylive.com/index.php/2023/06/07/10-years-after-odunsi-exits-as-northcourt-ceo-ibaru-steps-in,researched,
04-real-estate-property,43,Brookstone Property,Joseph (Joe) Orji,Managing Partner,,Atureta Emmanuel (Managing Partner),,,,,https://guardian.ng/business-services/real-estate-firm-unveils-new-luxury-project/,researched,
04-real-estate-property,46,Zylus Group,Oluwatosin Olatujoye,Group CEO,https://www.linkedin.com/in/oluwatosin-olatujoye-6a3b20219/,"Bukola Olatujoye (CEO, Zylus Group International)",https://www.linkedin.com/in/bukola-olatujoye-735617216/,,,,https://en.wikipedia.org/wiki/Oluwatosin_Olatujoye,researched,
04-real-estate-property,47,Misa Real Estate,,,,,,,,,,researched,"Founder Muritala Adegboyega Ibrahim died in March 2026, and current leadership is not named. MISA Limited is based on Glover Road, Ikoyi."
05-hospitality-events,1,Landmark Africa,Paul Onwuanibe,"CEO, Landmark Africa Group",https://www.linkedin.com/in/paul-onwuanibe-2011737/,,,,,,https://en.wikipedia.org/wiki/Paul_Onwuanibe,researched,"The beach resort was demolished in 2024 for the coastal highway, and the group is expanding into new cities. The handle in the old PDF was corrupted."
05-hospitality-events,2,Eko Hotels,Iyadunni Gbadebo,Director of Sales and Marketing,,Danny Kioupoureglou (General Manager),,,,,https://guardian.ng/life/events/eko-hotels-legacy-summit-to-groom-future-african-hospitality-leaders-iyadunni-gbadebo/,researched,Covers 05/48 (Eko Convention Centre) and 08/26 (The Spa at Eko Hotels) as well.
05-hospitality-events,3,The George Hotel,Tien George,Chairman,,Dorcas George (Managing Director (2015)),,,,,https://estateintel.com/insights/a-new-luxury-hotel-for-lagos,researched,Family-owned hotel managed by the Mantis Group. Sources date from 2014 and 2015.
05-hospitality-events,4,1677 Mayfair,,,,,,,,,,researched,"Serviced apartments on Sanusi Fafunwa Street, Victoria Island. No owner was named in any source."
05-hospitality-events,5,Radisson Blu Lagos,Ahmed Raza,"General Manager (from 2020) and District Director, Radisson Nigeria",,,,,,,https://www.arise.tv/radisson-blu-anchorage-names-ahmed-raza-new-gm/,subsidiary,"Local arm of a global brand. Brand decisions sit abroad. International brand, so pitch event or local content work only."
05-hospitality-events,6,Southern Sun Ikoyi,Mark Loxley,General Manager (circa 2018),,,,,,,https://guardian.ng/saturday-magazine/travel-a-tourism/at-10-southern-sun-reiterates-commitment-to-supporting-local-economy/,subsidiary,"Local arm of a global brand. Brand decisions sit abroad. Southern Sun reportedly sold its Nigerian business, so the current operator and brand are unconfirmed."
05-hospitality-events,7,Four Points by Sheraton Lagos,Kaliq Essop,General Manager (April 2024),,Monday Usoroh (Director of Sales),,,,,https://thisdaylive.com/index.php/2024/04/19/four-points-by-sheraton-hotel-rebrands,subsidiary,Local arm of a global brand. Brand decisions sit abroad. Marriott brand.
05-hospitality-events,8,The Wheatbaker,Simon Grindrod,General Manager,,,,,,,https://businessday.ng/life-arts/article/a-review-of-the-wheatbaker-at-8/,researched,Managed by Legacy Group. A 2024 review still names him as GM. Covers 08/29 (Wheatbaker Spa) as well.
05-hospitality-events,9,Federal Palace Hotel,,,,,,,,,,researched,"Sun International sold its stake in 2024 to an entity linked to the Ibru family, and the owner is Ikeja Hotel Plc. Check its 2025 annual report for current management."
05-hospitality-events,10,InterContinental Lagos,Didier Coeln,General Manager (2013 opening),,,,,,,https://businessday.ng/art-and-travel/article/intercontinental-truly-lagos-hospitality-hotbed/,researched,"The source is very old. The hotel left the IHG brand and now trades as Lagos Continental Hotel, which duplicates 05/27."
05-hospitality-events,11,Transcorp Hilton Abuja,Uzo Oshogwe,"Managing Director and CEO, Transcorp Hotels Plc (from January 2025)",,,,,,,https://heirsholdings.com/?p=25074,researched,"Owner of Transcorp Hilton Abuja. Brand work would cover Transcorp Hotels and the Aura app, not the Hilton flag."
05-hospitality-events,12,Hard Rock Cafe Lagos,,,,,,,,,,not yet researched,Not yet researched.
05-hospitality-events,14,Sailors Lounge,,,,,,,,,,not yet researched,Not yet researched.
05-hospitality-events,15,Quilox Lagos,Shina Peller,Founder (profile lists Quilox),https://www.linkedin.com/in/shina-peller-56399aa2/,,,,,,https://www.linkedin.com/in/shina-peller-56399aa2/,researched,
05-hospitality-events,16,DNA Lagos,,,,,,,,,,not yet researched,Not yet researched.
05-hospitality-events,17,Moist Lounge,,,,,,,,,,not yet researched,Not yet researched.
05-hospitality-events,18,Escape Nightlife,,,,,,,,,,not yet researched,Not yet researched.
05-hospitality-events,19,Tiger Lagos,,,,,,,,,,not yet researched,Not yet researched.
05-hospitality-events,20,Bay Lounge,,,,,,,,,,not yet researched,Not yet researched.
05-hospitality-events,21,Upbeat Recreation Centre,,,,,,,,,,not yet researched,Not yet researched.
05-hospitality-events,22,RSVP Lagos,,,,,,,,,,not yet researched,Not yet researched.
05-hospitality-events,23,Livespot360,Deola Art Alade,Co-founder and Group CEO,https://www.linkedin.com/in/deolaartalade/,Darey Art Alade (Co-founder and Chief Creative Officer),https://www.linkedin.com/in/darey-art-alade-28575b106/,,,,https://www.linkedin.com/in/deolaartalade/,researched,
05-hospitality-events,24,BetaRaves,,,,,,,,,,not yet researched,Not yet researched.
05-hospitality-events,25,Eventbrite Nigeria,,,,,,,,,,not yet researched,Not yet researched.
05-hospitality-events,26,Naija Events,,,,,,,,,,not yet researched,Not yet researched.
05-hospitality-events,27,Lagos Continental Hotel,Karl Hala,"General Manager (2021) and Group GM, Continental Hotels",,,,,,,https://atcnews.org/lagos-continental-hotel-welcomes-karl-hala-as-general-manager/,researched,Formerly the InterContinental Lagos (05/10).
05-hospitality-events,28,NICON Luxury Hotel,,,,,,,,,,not yet researched,Not yet researched.
05-hospitality-events,29,Protea Hotel Lagos,Margaret Asian,"General Manager, Protea Hotel Ikeja Select",https://www.linkedin.com/in/margaret-asian-3a88a242/,,,,,,https://www.linkedin.com/in/margaret-asian-3a88a242/,researched,
05-hospitality-events,30,Alara Lagos,Reni Folawiyo,Founder,https://www.linkedin.com/in/reni-folawiyo-b5792295/,,,,,,https://www.linkedin.com/in/reni-folawiyo-b5792295/,researched,
05-hospitality-events,31,The Blowfish Hotel,,,,,,https://ng.linkedin.com/company/the-blowfish-group,,,,researched,
05-hospitality-events,32,House 15,,,,,,,,,,not yet researched,Not yet researched.
05-hospitality-events,33,Montego Bay Lagos,,,,,,,,,,not yet researched,Not yet researched.
05-hospitality-events,34,Sky Restaurant,,,,,,,,,,not yet researched,Not yet researched.
05-hospitality-events,35,Nok by Alara,Reni Folawiyo,Founder (NOK is part of Alara),https://www.linkedin.com/in/reni-folawiyo-b5792295/,,,,,,https://www.linkedin.com/in/reni-folawiyo-b5792295/,researched,
05-hospitality-events,36,La Taverna,,,,,,,,,,not yet researched,Not yet researched.
05-hospitality-events,37,CityGate Events,,,,,,,,,,not yet researched,Not yet researched.
05-hospitality-events,38,EventsNG,,,,,,,,,,not yet researched,Not yet researched.
05-hospitality-events,39,The Civic Centre,,,,,,,,,,not yet researched,Not yet researched.
05-hospitality-events,40,Oriental Hotel,,,,,,,,,,not yet researched,Not yet researched.
05-hospitality-events,41,Kwarleyz Residence,,,,,,,,,,not yet researched,Not yet researched.
05-hospitality-events,42,Golden Tulip Lagos,,,,,,,,,,not yet researched,Not yet researched.
05-hospitality-events,43,Ibis Lagos,,,,,,,,,,not yet researched,Not yet researched.
05-hospitality-events,44,Best Western Lagos,,,,,,,,,,not yet researched,Not yet researched.
05-hospitality-events,45,Afrika Shrine,,,,,,,,,,not yet researched,Not yet researched.
05-hospitality-events,47,Muson Centre,,,,,,,,,,not yet researched,Not yet researched.
05-hospitality-events,49,Freedom Park Lagos,Theo Lawson,Founder and Chairman,https://www.linkedin.com/in/theo-lawson-2834092b/,,,,,,https://www.linkedin.com/in/theo-lawson-2834092b/,researched,
05-hospitality-events,50,The Haven Event Centre,,,,,,,,,,not yet researched,Not yet researched.
06-tech-saas,1,Bumpa,,,,,,,,,,not yet researched,"Domain bumpa.shop returned a 404 in earlier research, so the real domain is unconfirmed."
06-tech-saas,2,Kippa,Kennedy Ekezie-Joseph,Co-founder and CEO,https://www.linkedin.com/in/kennedyekezie/,,,,,,https://www.linkedin.com/in/kennedyekezie/,researched,
06-tech-saas,3,Bujeti,Samy Chiba,Co-founder and COO,https://www.linkedin.com/in/samychiba/,,,,,,https://www.linkedin.com/in/samychiba/,researched,
06-tech-saas,4,Vendease,Olumide Fayankin,Co-founder and CEO,https://ng.linkedin.com/in/olumide-fayankin-%F0%9F%90%9C-3a450339,Gatumi Aliyu (Co-founder and CPO),https://www.linkedin.com/in/gatumialiyu/,,,,https://ng.linkedin.com/in/olumide-fayankin-%F0%9F%90%9C-3a450339,researched,
06-tech-saas,5,SeamlessHR,Deji Lana,Co-founder and CTO (CEO is Emmanuel Okeleji),https://www.linkedin.com/in/dejjy/,,,,,,https://www.linkedin.com/in/dejjy/,researched,
06-tech-saas,6,Helium Health,Ralph Oluwole,Co-founder and Head of Growth,https://ng.linkedin.com/in/ralpholuwole,,,,,,https://ng.linkedin.com/in/ralpholuwole,researched,
06-tech-saas,7,Termii,Emmanuel Gbolade,Co-founder and CEO,https://www.linkedin.com/in/gboladeemmanuel/,,,,,,https://www.linkedin.com/in/gboladeemmanuel/,researched,
06-tech-saas,9,PiggyVest,Somtochukwu Ifezue,Co-founder and CEO,https://www.linkedin.com/in/somtoifezue/,Joshua Chibueze (Co-founder and CMO),https://ng.linkedin.com/in/jchibueze,,,,https://www.linkedin.com/in/somtoifezue/,researched,
06-tech-saas,10,Cowrywise,Razaq Ahmed,Co-founder and CEO (named on company page),https://ng.linkedin.com/company/cowrywise,,,https://ng.linkedin.com/company/cowrywise,,,https://ng.linkedin.com/company/cowrywise,researched,
06-tech-saas,11,Mono,Abdulhamid (Abdul) Hassan,Co-founder and CEO (Mono is now owned by Flutterwave),https://ng.linkedin.com/in/ijbkid,,,,,,https://ng.linkedin.com/in/ijbkid,researched,
06-tech-saas,12,Stears,Preston Timeyin Ideh,Co-founder and CEO,https://www.linkedin.com/in/preston-timeyin-ideh-06484775/,Michael Famoroti (Co-founder and Head of Intelligence),https://ng.linkedin.com/in/michael-famoroti-b1b0b740,,,,https://www.linkedin.com/in/preston-timeyin-ideh-06484775/,researched,
06-tech-saas,13,Korapay,Dickson Nsofor,CEO (company page link),https://ng.linkedin.com/company/kora-pay,,,https://ng.linkedin.com/company/kora-pay,,,https://ng.linkedin.com/company/kora-pay,researched,
06-tech-saas,14,Grey.co,Idorenyin Obong,Co-founder and CEO,https://www.linkedin.com/in/kingidee/,,,,,,https://www.linkedin.com/in/kingidee/,researched,
06-tech-saas,15,Brass,Emmanuel Okeke,Co-founder and CTO (company page link),https://ng.linkedin.com/company/joinbrass,,,https://ng.linkedin.com/company/joinbrass,,,https://ng.linkedin.com/company/joinbrass,researched,
06-tech-saas,16,Risevest,Eke Urum,Co-founder and CEO,https://www.linkedin.com/company/rise-vest,,,https://www.linkedin.com/company/rise-vest,,,https://www.linkedin.com/company/rise-vest,researched,
06-tech-saas,17,Bamboo,Richmond Bassey,Co-founder and CEO,https://www.linkedin.com/in/richmondbassey/,,,,,,https://www.linkedin.com/in/richmondbassey/,researched,
06-tech-saas,18,Patricia,,,,,,,,,,not yet researched,Not yet researched.
06-tech-saas,19,Qore (Sterling Bank),,,,,,,,,,not yet researched,Not yet researched.
06-tech-saas,20,Anchor,Segun Adeyemi,CEO,https://uk.linkedin.com/in/segunadeyemi,,,,,,https://uk.linkedin.com/in/segunadeyemi,researched,
06-tech-saas,21,Eden Life,Nadayar Enegesi,Co-founder and CEO,https://www.linkedin.com/in/nadayar/,,,,,,https://www.linkedin.com/in/nadayar/,researched,
06-tech-saas,22,Shuttlers,Damilola Olokesusi,Co-founder and CEO,https://ng.linkedin.com/in/damilola-olokesusi-37638035,,,,,,https://ng.linkedin.com/in/damilola-olokesusi-37638035,researched,
06-tech-saas,23,Gokada,,,,,,,,,,not yet researched,Not yet researched.
06-tech-saas,24,Kwik,,,,,,,,,,not yet researched,Not yet researched.
06-tech-saas,25,Topship,Moses O Enenwali,Co-founder and CEO,https://www.linkedin.com/in/moses-o-enenwali-b37694192/,,,,,,https://www.linkedin.com/in/moses-o-enenwali-b37694192/,researched,
06-tech-saas,26,Releaf,Ikenna Nzewi,Co-founder and CEO,https://www.linkedin.com/in/inzewi/,,,,,,https://www.linkedin.com/in/inzewi/,researched,
06-tech-saas,27,ThriveAgric,Uka Eje,Co-founder and CEO,https://www.linkedin.com/company/thriveagric,,,https://www.linkedin.com/company/thriveagric,,,https://www.linkedin.com/company/thriveagric,researched,
06-tech-saas,28,Farmcrowdy,Onyeka Akumah,Founder and Chairman (now CEO of Treepz),https://ng.linkedin.com/in/onyekaakumah,,,,,,https://ng.linkedin.com/in/onyekaakumah,researched,
06-tech-saas,29,Autochek,Etop Ikpe,Founder and CEO,https://ng.linkedin.com/company/autocheknigeria,,,https://ng.linkedin.com/company/autocheknigeria,,,https://ng.linkedin.com/company/autocheknigeria,researched,
06-tech-saas,30,Moove,,,,,,,,,,not yet researched,Not yet researched.
06-tech-saas,31,Prospa,,,,,,,,,,not yet researched,Not yet researched.
06-tech-saas,32,Zoho Africa,,,,,,,,,,not yet researched,Not yet researched.
06-tech-saas,33,Traction Apps,,,,,,,,,,not yet researched,Not yet researched.
06-tech-saas,34,Indicina,Yvonne Johnson,Co-founder and CEO,https://ng.linkedin.com/in/yvonneoyetakin,,,,,,https://ng.linkedin.com/in/yvonneoyetakin,researched,
06-tech-saas,35,Payaza,Philips Akinyele,Co-founder and CTO,https://www.linkedin.com/in/philips-akinyele-7a80b030/,Seyi Ebenezer (Founder and Group CEO),https://ng.linkedin.com/company/payaza-africa,https://ng.linkedin.com/company/payaza-africa,,,https://www.linkedin.com/in/philips-akinyele-7a80b030/,researched,
06-tech-saas,36,Sabi,Ademola Adesina,Co-founder and President,https://www.linkedin.com/in/aadesina/,Anu Adedoyin Adasolum (Co-founder and CEO),https://www.linkedin.com/in/anuadasolum/,,,,https://www.linkedin.com/in/aadesina/,researched,
06-tech-saas,37,TradeDepot,Onyekachi Izukanne,Co-founder and CEO,https://www.linkedin.com/in/kachizukanne/,,,,,,https://www.linkedin.com/in/kachizukanne/,researched,
06-tech-saas,38,Omnibiz,Deepankar Rustagi,"Founder and CEO, OmniRetail",https://ng.linkedin.com/company/omniretail-technology-limited,,,https://ng.linkedin.com/company/omniretail-technology-limited,,,https://ng.linkedin.com/company/omniretail-technology-limited,researched,
06-tech-saas,39,mPharma,Gregory Rockson,Co-founder and CEO,https://www.linkedin.com/in/gregory-rockson-43804449/,,,,,,https://www.linkedin.com/in/gregory-rockson-43804449/,researched,
06-tech-saas,40,54gene,,,,,,,,,,not yet researched,Not yet researched.
06-tech-saas,41,Bundle Africa,,,,,,,,,,not yet researched,Not yet researched.
06-tech-saas,42,Getequity,Jude Dike,Co-founder and CEO,https://www.linkedin.com/in/dikejudein/,,,,,,https://www.linkedin.com/in/dikejudein/,researched,
06-tech-saas,43,Dojah,Oluwatobiloba Ololade,CEO,https://www.linkedin.com/in/ololaday/,,,,,,https://www.linkedin.com/in/ololaday/,researched,
06-tech-saas,44,Okra,Fara Ashiru,Co-founder and CEO,https://www.linkedin.com/in/faraashiru/,,,,,,https://www.linkedin.com/in/faraashiru/,researched,
06-tech-saas,45,Payhippo,Dami Olawoye,CEO,https://uk.linkedin.com/in/dami-olawoye-53548822,,,,,,https://uk.linkedin.com/in/dami-olawoye-53548822,researched,
06-tech-saas,46,Earnipay,Nonso Onwuzulike,CEO,https://www.linkedin.com/in/nonsoonwuzulike/,,,,,,https://www.linkedin.com/in/nonsoonwuzulike/,researched,
06-tech-saas,47,Decagon,,,,,,,,,,not yet researched,Not yet researched.
06-tech-saas,48,AltSchool Africa,Adewale Yusuf,Co-founder and CEO,https://www.linkedin.com/in/adewaleyusuf/,,,,,,https://www.linkedin.com/in/adewaleyusuf/,researched,
06-tech-saas,49,Turing (Nigeria office),,,,,,,,,,not yet researched,Not yet researched.
06-tech-saas,50,Nomba,Adeyinka (Yinka) Adewale,Co-founder and CEO,https://www.linkedin.com/in/adeyinka-adewale-7b779448/,,,,,,https://www.linkedin.com/in/adeyinka-adewale-7b779448/,researched,
07-fintech-financial-services,1,OPay,Iniabasi Akpan,"Managing Director and Country Manager, OPay Nigeria",https://ng.linkedin.com/in/iniabasi-akpan-577a7622,,,,,,https://ng.linkedin.com/in/iniabasi-akpan-577a7622,researched,
07-fintech-financial-services,2,Moniepoint,Tosin Eniolorunda,Co-founder and Group CEO,https://uk.linkedin.com/in/tosin-eniolorunda-46833618,,,,,,https://uk.linkedin.com/in/tosin-eniolorunda-46833618,researched,
07-fintech-financial-services,3,Kuda Bank,Babs Ogundeyi,Co-founder and CEO,https://ng.linkedin.com/in/babsogundeyi,,,,,,https://ng.linkedin.com/in/babsogundeyi,researched,
07-fintech-financial-services,4,Carbon,Ngozi Dozie,Co-founder,https://www.linkedin.com/in/ngozidozie/,Chijioke Dozie (Co-founder and co-CEO),https://www.linkedin.com/in/chijiokedozie/,,,,https://www.linkedin.com/in/ngozidozie/,researched,
07-fintech-financial-services,6,Flutterwave,Olugbenga (GB) Agboola,Co-founder and CEO,https://www.linkedin.com/in/gbagboola/,,,,,,https://www.linkedin.com/in/gbagboola/,researched,
07-fintech-financial-services,7,Paystack,Shola Akinlade,Co-founder and CEO,https://www.linkedin.com/in/shollsman/,,,,,,https://www.linkedin.com/in/shollsman/,researched,
07-fintech-financial-services,8,Paga,Tayo Oviosu,Founder and Group CEO,https://www.linkedin.com/in/oviosu/,,,,,,https://www.linkedin.com/in/oviosu/,researched,
07-fintech-financial-services,9,FairMoney,Laurin Hainy,Co-founder and CEO,https://www.linkedin.com/in/laurin-nabuko-hainy-03a5b862/,,,,,,https://www.linkedin.com/in/laurin-nabuko-hainy-03a5b862/,researched,
07-fintech-financial-services,14,Chaka,Tosin Osibodu,CEO,https://ng.linkedin.com/in/tosinosibodu,,,,,,https://ng.linkedin.com/in/tosinosibodu,researched,
07-fintech-financial-services,15,Trove,,,,,,,,,,not yet researched,Not yet researched.
07-fintech-financial-services,16,Aella Credit,Akin Jones,"Co-founder and CEO (now Chairman, Aella MFB)",https://www.linkedin.com/in/akin-j-65b89ba/,,,,,,https://www.linkedin.com/in/akin-j-65b89ba/,researched,
07-fintech-financial-services,17,Renmoney,,,,,,https://ng.linkedin.com/company/renmoneyng,,,,researched,
07-fintech-financial-services,18,Lidya,Tunde Kehinde,Co-founder and CEO,https://www.linkedin.com/in/tunde-kehinde-048aa635/,,,,,,https://www.linkedin.com/in/tunde-kehinde-048aa635/,researched,
07-fintech-financial-services,19,OneFi (Carbon parent),,,,,,,,,,not yet researched,Not yet researched.
07-fintech-financial-services,20,Branch Nigeria,,,,,,,,,,not yet researched,Not yet researched.
07-fintech-financial-services,21,Sparkle,Uzoma Dozie,Founder and CEO,https://ng.linkedin.com/company/sparklenigeria,,,https://ng.linkedin.com/company/sparklenigeria,,,https://ng.linkedin.com/company/sparklenigeria,researched,
07-fintech-financial-services,22,VFD Microfinance Bank,,,,,,,,,,not yet researched,Not yet researched.
07-fintech-financial-services,23,LAPO Microfinance,Cynthia Ikponmwosa,Managing Director and CEO,https://www.linkedin.com/in/cynthia-ikponmwosa-5b469a383/,,,,,,https://www.linkedin.com/in/cynthia-ikponmwosa-5b469a383/,researched,
07-fintech-financial-services,24,Mintyn Digital Bank,,,,,,,,,,not yet researched,Not yet researched.
07-fintech-financial-services,25,Rubies Microfinance,,,,,,,,,,not yet researched,Not yet researched.
07-fintech-financial-services,28,Bloc,Edmund Olotu,Founder,https://ng.linkedin.com/company/buildwithbloc,,,https://ng.linkedin.com/company/buildwithbloc,,,https://ng.linkedin.com/company/buildwithbloc,researched,
07-fintech-financial-services,30,Lenco,,,,,,https://ng.linkedin.com/company/lencobank,,,,researched,
07-fintech-financial-services,31,Stanbic IBTC,,,,,,,,,,not yet researched,Not yet researched.
07-fintech-financial-services,32,GTBank,,,,,,,,,,not yet researched,Not yet researched.
07-fintech-financial-services,33,Access Bank,Roosevelt Ogbonna,Group Managing Director and CEO,https://ng.linkedin.com/in/roosevelt-ogbonna-b3875744,,,,,,https://ng.linkedin.com/in/roosevelt-ogbonna-b3875744,researched,
07-fintech-financial-services,34,Wema Bank (ALAT),Moruf Oseni,Managing Director and CEO (from April 2023),https://www.linkedin.com/company/wemabankplc,,,https://www.linkedin.com/company/wemabankplc,,,https://www.linkedin.com/company/wemabankplc,researched,
07-fintech-financial-services,35,Sterling Bank,,,,,,,,,,not yet researched,Not yet researched.
07-fintech-financial-services,36,Coronation Insurance,,,,,,,,,,not yet researched,Not yet researched.
07-fintech-financial-services,37,Leadway Assurance,,,,,,,,,,not yet researched,Not yet researched.
07-fintech-financial-services,38,AXA Mansard,Tope Adeniyi,"CEO, AXA Mansard Health",https://www.linkedin.com/in/tope-adeniyi-673a8316/,,,,,,https://www.linkedin.com/in/tope-adeniyi-673a8316/,researched,
07-fintech-financial-services,39,Heirs Insurance,Wole Fayemi,"MD and CEO, Heirs General Insurance",https://ng.linkedin.com/in/wole-fayemi-81379333,"Niyi Onifade (MD and CEO, Heirs Life Assurance)",https://www.linkedin.com/in/niyionifade/,,,,https://ng.linkedin.com/in/wole-fayemi-81379333,researched,
07-fintech-financial-services,40,Tangerine Life,,,,,,,,,,not yet researched,Not yet researched.
07-fintech-financial-services,41,Ceviant Finance,,,,,,,,,,not yet researched,Not yet researched.
07-fintech-financial-services,42,Payfixy,,,,,,,,,,not yet researched,Not yet researched.
07-fintech-financial-services,43,Remita,John Tanimola Obaro,"Founder and Group Managing Director, SystemSpecs (owner of Remita)",https://ng.linkedin.com/in/john-tanimola-obaro,,,,,,https://ng.linkedin.com/in/john-tanimola-obaro,researched,
07-fintech-financial-services,44,Interswitch,Mitchell Elegbe,Founder and Group Managing Director and CEO,https://www.linkedin.com/company/interswitch-limited,,,https://www.linkedin.com/company/interswitch-limited,,,https://www.linkedin.com/company/interswitch-limited,researched,
07-fintech-financial-services,45,eTranzact,,,,,,,,,,not yet researched,Not yet researched.
07-fintech-financial-services,46,SystemSpecs (Remita),John Tanimola Obaro,"Founder and Group Managing Director, SystemSpecs",https://ng.linkedin.com/in/john-tanimola-obaro,,,,,,https://ng.linkedin.com/in/john-tanimola-obaro,researched,
07-fintech-financial-services,47,Africa Prudential,,,,,,,,,,not yet researched,Not yet researched.
07-fintech-financial-services,48,Providus Bank,Walter Akpani,Managing Director (as of about 2024),https://ng.linkedin.com/company/providusbank,,,https://ng.linkedin.com/company/providusbank,,,https://ng.linkedin.com/company/providusbank,researched,
07-fintech-financial-services,49,TrustBanc Holdings,,,,,,,,,,not yet researched,Not yet researched.
07-fintech-financial-services,50,Fidelity Bank,Nneka Onyeali-Ikpe,Managing Director and CEO,https://ng.linkedin.com/in/nneka-onyeali-ikpe,,,,,,https://ng.linkedin.com/in/nneka-onyeali-ikpe,researched,
08-health-wellness,1,i-Fitness,Foluso Ogunwale,Founder and CEO,https://ng.linkedin.com/company/ifitness-centre-ltd,,,https://ng.linkedin.com/company/ifitness-centre-ltd,,,https://ng.linkedin.com/company/ifitness-centre-ltd,researched,
08-health-wellness,2,Bodyline Fitness,,,,,,,,,,not yet researched,Not yet researched.
08-health-wellness,3,EliteBox Fitness,,,,,,,,,,not yet researched,Not yet researched.
08-health-wellness,4,Pure Fitness Africa,,,,,,,,,,not yet researched,Not yet researched.
08-health-wellness,5,Starke Fitness,,,,,,,,,,not yet researched,Not yet researched.
08-health-wellness,6,CapitaHealth,,,,,,,,,,not yet researched,Not yet researched.
08-health-wellness,7,The Green Place,,,,,,,,,,not yet researched,Not yet researched.
08-health-wellness,8,Oriki Group,Joycee Awosika,"Founder and Managing Director, ORIKI Group",https://www.linkedin.com/in/joyceeawosika/,,,,,,https://www.linkedin.com/in/joyceeawosika/,researched,
08-health-wellness,13,Zumba Lagos,,,,,,,,,,not yet researched,Not yet researched.
08-health-wellness,16,Health Plus Pharmacy,Bukky George,Founder and Managing Director,https://ng.linkedin.com/in/bukky-george-4769a12b,,,,,,https://ng.linkedin.com/in/bukky-george-4769a12b,researched,
08-health-wellness,17,MedPlus,Joke Bakare,Founder and CEO,https://www.linkedin.com/company/medplus-pharmacy-limited,,,https://www.linkedin.com/company/medplus-pharmacy-limited,,,https://www.linkedin.com/company/medplus-pharmacy-limited,researched,
08-health-wellness,18,Reddington Hospital,Emmanuel Matthews,"Group COO, Reddington Hospital",https://www.linkedin.com/in/emmanuel-matthews-44821b15/,,,,,,https://www.linkedin.com/in/emmanuel-matthews-44821b15/,researched,
08-health-wellness,19,Lagoon Hospital,,,,,,,,,,not yet researched,Not yet researched.
08-health-wellness,20,EverCare Hospital,,,,,,,,,,not yet researched,Not yet researched.
08-health-wellness,21,Flying Doctors Nigeria,,,,,,,,,,not yet researched,Not yet researched.
08-health-wellness,22,WellNewMe,,,,,,,,,,not yet researched,Not yet researched.
08-health-wellness,23,Reliance HMO,Femi Kuti,Co-founder and CEO,https://www.linkedin.com/in/femikuti/,,,,,,https://www.linkedin.com/in/femikuti/,researched,
08-health-wellness,24,Hygeia HMO,,,,,,https://ng.linkedin.com/company/hygeia-hmo,,,,researched,
08-health-wellness,25,Leadway Health,Oladipupo Awosika,Chairman of the Board,https://www.linkedin.com/in/oladipupo-awosika-07a99010/,,,,,,https://www.linkedin.com/in/oladipupo-awosika-07a99010/,researched,
08-health-wellness,27,Ruby Spa,,,,,,,,,,not yet researched,Not yet researched.
08-health-wellness,28,Lotus Spa,,,,,,,,,,not yet researched,Not yet researched.
08-health-wellness,31,AskNiara Fitness,,,,,,,,,,not yet researched,Not yet researched.
08-health-wellness,32,BurnFit Nigeria,,,,,,,,,,not yet researched,Not yet researched.
08-health-wellness,33,FitLab,,,,,,,,,,not yet researched,Not yet researched.
08-health-wellness,34,Jumia Food Health,,,,,,,,,,not yet researched,Not yet researched.
08-health-wellness,35,GOFitness,,,,,,,,,,not yet researched,Not yet researched.
08-health-wellness,36,YogaSol,,,,,,,,,,not yet researched,Not yet researched.
08-health-wellness,37,Pilates Lagos,,,,,,,,,,not yet researched,Not yet researched.
08-health-wellness,38,Thistle Gym,,,,,,,,,,not yet researched,Not yet researched.
08-health-wellness,39,Body Perfect Fitness,,,,,,,,,,not yet researched,Not yet researched.
08-health-wellness,40,Life Gym,,,,,,,,,,not yet researched,Not yet researched.
08-health-wellness,41,NutriFit Nigeria,,,,,,,,,,not yet researched,Not yet researched.
08-health-wellness,42,Vitafoam (Wellness),Taiwo Adeniyi,Group Managing Director,https://ng.linkedin.com/in/adeniyi-taiwo-ayodele-73472685,,,,,,https://ng.linkedin.com/in/adeniyi-taiwo-ayodele-73472685,researched,
08-health-wellness,43,Paelon Memorial Clinic,Ngozi Onyia,Founder and Managing Director,https://www.linkedin.com/in/ngozi-onyia-71291b24/,,,,,,https://www.linkedin.com/in/ngozi-onyia-71291b24/,researched,
08-health-wellness,44,Nordica Fertility Centre,Abayomi Ajayi,Founder and MD,https://www.linkedin.com/in/abayomi-ajayi-77a94b22/,,,,,,https://www.linkedin.com/in/abayomi-ajayi-77a94b22/,researched,
08-health-wellness,45,The Gym Lagos,,,,,,,,,,not yet researched,Not yet researched.
08-health-wellness,46,Total Child Hospital,,,,,,,,,,not yet researched,Not yet researched.
08-health-wellness,47,Livewell Initiative,,,,,,,,,,not yet researched,Not yet researched.
08-health-wellness,48,Africa Health Holdings,,,,,,,,,,not yet researched,Not yet researched.
08-health-wellness,49,Whispa Health,Morenike Fajemisin,Founder and CEO,https://www.linkedin.com/in/morenikefajemisin/,,,,,,https://www.linkedin.com/in/morenikefajemisin/,researched,
08-health-wellness,50,Doctoora,,,,,,,,,,not yet researched,Not yet researched.
09-entertainment-media,1,Chocolate City Music,Abuchi Peter Ugwu,"CEO, Chocolate City Music",https://www.linkedin.com/in/abuchi-peter-ugwu/,"Audu Maikori (Founder and Chairman, Chocolate City Group)",https://www.linkedin.com/in/audumaikori/,,,,https://www.linkedin.com/in/abuchi-peter-ugwu/,researched,
09-entertainment-media,2,Mavin Records,Tega Oghenejobo,"President and COO, Mavin Global",https://www.linkedin.com/in/peter-tega-oghenejobo-680a3044/,,,,,,https://www.linkedin.com/in/peter-tega-oghenejobo-680a3044/,researched,
09-entertainment-media,3,960 Music Group,Mark Redguard,Head of 960 Music Group,https://ng.linkedin.com/company/960-music-group,,,https://ng.linkedin.com/company/960-music-group,,,https://ng.linkedin.com/company/960-music-group,researched,
09-entertainment-media,4,InterSpace Distribution,Eric Okechukwu,CEO,https://ng.linkedin.com/in/eric-okechukwu,,,,,,https://ng.linkedin.com/in/eric-okechukwu,researched,
09-entertainment-media,5,DVPPER,,,,,,,,,,not yet researched,Not yet researched.
09-entertainment-media,6,Freeme Music,Michael Ugwu,Founder and CEO,https://www.linkedin.com/in/freemedigital/,,,,,,https://www.linkedin.com/in/freemedigital/,researched,
09-entertainment-media,7,Coventi,Kunle Bamigboye,Co-founder and CEO,https://www.linkedin.com/in/kunle-bamigboye/,,,,,,https://www.linkedin.com/in/kunle-bamigboye/,researched,
09-entertainment-media,8,Gusto Entertainment,,,,,,,,,,not yet researched,Not yet researched.
09-entertainment-media,9,Mediaworks,,,,,,,,,,not yet researched,Not yet researched.
09-entertainment-media,10,DC Talent,,,,,,,,,,not yet researched,Not yet researched.
09-entertainment-media,11,Starboy Entertainment,,,,,,,,,,not yet researched,Not yet researched.
09-entertainment-media,12,DMW,,,,,,,,,,not yet researched,Not yet researched.
09-entertainment-media,13,Spaceship Entertainment,,,,,,,,,,not yet researched,Not yet researched.
09-entertainment-media,14,Aristokrat Records,,,,,,,,,,not yet researched,Not yet researched.
09-entertainment-media,15,Platoon (Nigeria),,,,,,,,,,not yet researched,Not yet researched.
09-entertainment-media,16,Africa Magic,,,,,,,,,,not yet researched,Not yet researched.
09-entertainment-media,17,IROKOtv,Jason Njoku,Co-founder and CEO,https://www.linkedin.com/in/jasonnj/,,,,,,https://www.linkedin.com/in/jasonnj/,researched,
09-entertainment-media,18,FilmOne Distribution,Moses Babatope,"Co-founder, FilmOne",https://www.linkedin.com/in/moses-babatope-9ba014134/,,,,,,https://www.linkedin.com/in/moses-babatope-9ba014134/,researched,
09-entertainment-media,19,Ebonylife Media,Mo Abudu,"Founder and CEO, EbonyLife Group",https://ng.linkedin.com/in/mo-abudu,,,,,,https://ng.linkedin.com/in/mo-abudu,researched,
09-entertainment-media,20,Anthill Studios,Niyi Akinmolayan,Founder and creative director,https://www.linkedin.com/in/niyiakinmolayan/,,,,,,https://www.linkedin.com/in/niyiakinmolayan/,researched,
09-entertainment-media,21,Showmax Nigeria,,,,,,,,,,not yet researched,Not yet researched.
09-entertainment-media,22,TellyAfrica,,,,,,,,,,not yet researched,Not yet researched.
09-entertainment-media,23,Beat FM,Chris Ubosi,"CEO, MegaLectrics (operator of The Beat 99.9 FM)",https://www.linkedin.com/in/chrisubosi/,,,,,,https://www.linkedin.com/in/chrisubosi/,researched,
09-entertainment-media,24,Cool FM,,,,,,,,,,not yet researched,Not yet researched.
09-entertainment-media,25,The Cable,Simon Kolawole,Founder and CEO,https://www.linkedin.com/in/simon-kolawole-41a71194/,,,,,,https://www.linkedin.com/in/simon-kolawole-41a71194/,researched,
09-entertainment-media,27,Pulse Nigeria,,,,,,,,,,not yet researched,Not yet researched.
09-entertainment-media,28,Zikoko,Anita Ebinehita Eboigbe,"COO, Big Cabal Media (owner of Zikoko)",https://ng.linkedin.com/in/anita-ebinehita-eboigbe,,,,,,https://ng.linkedin.com/in/anita-ebinehita-eboigbe,researched,
09-entertainment-media,29,Konbini Nigeria,,,,,,,,,,not yet researched,Not yet researched.
09-entertainment-media,30,Native Mag,,,,,,,,,,not yet researched,Not yet researched.
09-entertainment-media,31,Street Souk,Iretidayo Zaccheaus,Founder and convenor,https://ng.linkedin.com/company/street-souk,,,https://ng.linkedin.com/company/street-souk,,,https://ng.linkedin.com/company/street-souk,researched,
09-entertainment-media,32,Afro Nation Nigeria,,,,,,,,,,not yet researched,Not yet researched.
09-entertainment-media,33,Lagos Biennial,,,,,,,,,,not yet researched,Not yet researched.
09-entertainment-media,34,ART X Lagos,Tokini Peterside-Schwebig,Founder,https://www.linkedin.com/in/tokinipeterside/,,,,,,https://www.linkedin.com/in/tokinipeterside/,researched,
09-entertainment-media,35,GTBank Fashion Weekend,,,,,,,,,,not yet researched,Not yet researched.
09-entertainment-media,36,SocialMediaWeek Lagos,,,,,,,,,,not yet researched,Not yet researched.
09-entertainment-media,37,Flytime Music Festival,,,,,,https://ng.linkedin.com/company/flytimefest,,,,researched,
09-entertainment-media,38,Experience Lagos,,,,,,,,,,not yet researched,Not yet researched.
09-entertainment-media,39,Gidi Culture Festival,,,,,,,,,,not yet researched,Not yet researched.
09-entertainment-media,40,One Africa Music Fest,,,,,,,,,,not yet researched,Not yet researched.
09-entertainment-media,41,Dentaa Show,,,,,,,,,,not yet researched,Not yet researched.
09-entertainment-media,42,The Ndani Group,Otega Idadi,"Head of Production, NdaniTV",https://ng.linkedin.com/in/otega-idadi-6bb14475,,,,,,https://ng.linkedin.com/in/otega-idadi-6bb14475,researched,
09-entertainment-media,43,Red Media Africa,,,,,,https://ng.linkedin.com/company/redmediaafrica,,,,researched,
09-entertainment-media,44,Mosaic Media,,,,,,,,,,not yet researched,Not yet researched.
09-entertainment-media,45,Temple Management,Idris Olorunnimbe,"Founder and Group CEO, The Temple Company",https://www.linkedin.com/in/idris-olorunnimbe-03b867119/,,,,,,https://www.linkedin.com/in/idris-olorunnimbe-03b867119/,researched,
09-entertainment-media,46,Insight Publicis,,,,,,https://ng.linkedin.com/company/insight-publicis,,,,researched,
09-entertainment-media,47,Noah's Ark Communications,Lanre Adisa,Founder and Chief Creative Officer,https://ng.linkedin.com/company/noah's-ark-communications,,,https://ng.linkedin.com/company/noah's-ark-communications,,,https://ng.linkedin.com/company/noah's-ark-communications,researched,
09-entertainment-media,48,X3M Music,,,,,,,,,,not yet researched,Not yet researched.
09-entertainment-media,49,Smooth Promotions,Ayo Animashaun,"Founder and CEO, Smooth Promotions, HipTV and The Headies",https://www.linkedin.com/in/ayo-animashaun-1226494a/,,,,,,https://www.linkedin.com/in/ayo-animashaun-1226494a/,researched,
09-entertainment-media,50,TRACE Naija,,,,,,,,,,not yet researched,Not yet researched.
10-education-professional-development,1,Digital Marketing Skill,,,,,,,,,,not yet researched,Not yet researched.
10-education-professional-development,2,The Bulb Africa,Wande Adams,Co-founder and CEO,https://www.linkedin.com/in/wandeadams/,,,,,,https://www.linkedin.com/in/wandeadams/,researched,
10-education-professional-development,3,Andela,,,,,,,,,,not yet researched,Not yet researched.
10-education-professional-development,4,NIIT Nigeria,,,,,,,,,,not yet researched,Not yet researched.
10-education-professional-development,5,BincomDevCenter,,,,,,,,,,not yet researched,Not yet researched.
10-education-professional-development,6,uLesson,Sim Shagaya,Founder and Group CEO (moving to Executive Chairman),https://www.linkedin.com/in/simdul/,Iheanyichukwu Akwitti (CEO-designate (from June 2026)),https://www.linkedin.com/in/iheanyichukwuakwitti/,,,,https://www.linkedin.com/in/simdul/,researched,
10-education-professional-development,7,Learning Fortress,,,,,,,,,,not yet researched,Not yet researched.
10-education-professional-development,8,TechBridge Consulting,,,,,,,,,,not yet researched,Not yet researched.
10-education-professional-development,9,LearnFlourish,,,,,,,,,,not yet researched,Not yet researched.
10-education-professional-development,12,HiiT Plc,,,,,,,,,,not yet researched,Not yet researched.
10-education-professional-development,13,New Horizons Nigeria,Timothy (Tim) Akano,Managing Director,https://www.linkedin.com/in/tim-akano-638999185/,,,,,,https://www.linkedin.com/in/tim-akano-638999185/,researched,
10-education-professional-development,14,Utiva,Eyitayo Ogunmola,Founder and CEO,https://www.linkedin.com/in/eyitayoogunmola/,,,,,,https://www.linkedin.com/in/eyitayoogunmola/,researched,
10-education-professional-development,15,Side Hustle Internship,,,,,,https://ng.linkedin.com/company/sidehustleng,,,,researched,
10-education-professional-development,16,Semicolon Africa,Sam Immanuel,CEO (one source names Adeyinka Adedokun),https://www.linkedin.com/in/samimmanuel/,,,,,,https://www.linkedin.com/in/samimmanuel/,researched,
10-education-professional-development,17,Stutern,,,,,,,,,,not yet researched,Not yet researched.
10-education-professional-development,18,Ingressive For Good,,,,,,,,,,not yet researched,Not yet researched.
10-education-professional-development,19,She Code Africa,Ada Nduka Oyom,Founder and executive director,https://www.linkedin.com/in/ada-nduka-oyom/,,,,,,https://www.linkedin.com/in/ada-nduka-oyom/,researched,
10-education-professional-development,20,Google Developer Groups Lagos,,,,,,,,,,not yet researched,Not yet researched.
10-education-professional-development,21,Jobberman,Ore Boboye,CEO,https://www.linkedin.com/company/jobbermannigeria,,,https://www.linkedin.com/company/jobbermannigeria,,,https://www.linkedin.com/company/jobbermannigeria,researched,
10-education-professional-development,22,MyJobMag,,,,,,,,,,not yet researched,Not yet researched.
10-education-professional-development,23,FATE Foundation,Adenike Adeyemi,Executive Director,https://www.linkedin.com/company/fate-foundation,,,https://www.linkedin.com/company/fate-foundation,,,https://www.linkedin.com/company/fate-foundation,researched,
10-education-professional-development,24,Enterprise Development Centre,,,,,,,,,,not yet researched,Not yet researched.
10-education-professional-development,25,Tony Elumelu Foundation,Somachi Chris-Asoluka,CEO,https://www.linkedin.com/in/somachi-chris-asoluka-39041013/,,,,,,https://www.linkedin.com/in/somachi-chris-asoluka-39041013/,researched,
10-education-professional-development,26,Lagos Business School,Olayinka David-West,Dean,https://www.linkedin.com/in/olayinka-david-west/,,,,,,https://www.linkedin.com/in/olayinka-david-west/,researched,
10-education-professional-development,27,Pan-Atlantic University,Enase Okonedo,Vice-Chancellor (as of 2023),https://www.linkedin.com/in/enase-odu-okonedo-5614771/,,,,,,https://www.linkedin.com/in/enase-odu-okonedo-5614771/,researched,
10-education-professional-development,28,Covenant University,,,,,,,,,,not yet researched,Not yet researched.
10-education-professional-development,29,Babcock University,,,,,,,,,,not yet researched,Not yet researched.
10-education-professional-development,30,African Leadership University,,,,,,,,,,not yet researched,Not yet researched.
10-education-professional-development,31,Tekedia Institute,Ndubuisi Ekekwe,Founder,https://www.linkedin.com/in/ndubuisi-ekekwe-36068210/,,,,,,https://www.linkedin.com/in/ndubuisi-ekekwe-36068210/,researched,
10-education-professional-development,32,EdTech Foundry,,,,,,,,,,not yet researched,Not yet researched.
10-education-professional-development,33,PrepClass,Olumide Ogunlana,Co-founder,https://www.linkedin.com/in/olumide-ogunlana-55b08242/,,,,,,https://www.linkedin.com/in/olumide-ogunlana-55b08242/,researched,
10-education-professional-development,34,Gradely,Boye Oshinaga,Co-founder and CEO,https://ng.linkedin.com/in/boyeoshinaga,,,,,,https://ng.linkedin.com/in/boyeoshinaga,researched,
10-education-professional-development,35,ScholarX,,,,,,,,,,not yet researched,Not yet researched.
10-education-professional-development,36,TGM Education,,,,,,,,,,not yet researched,Not yet researched.
10-education-professional-development,37,Schoolgate,,,,,,,,,,not yet researched,Not yet researched.
10-education-professional-development,38,Flex Finance Academy,,,,,,,,,,not yet researched,Not yet researched.
10-education-professional-development,39,Phillips Consulting,Foluso Phillips,Chairman,https://www.linkedin.com/in/foluso-phillips-ba695122/,,,,,,https://www.linkedin.com/in/foluso-phillips-ba695122/,researched,
10-education-professional-development,40,KPMG Nigeria (Training),,,,,,,,,,not yet researched,Not yet researched.
10-education-professional-development,41,Nigerian Seminars & Trainings,,,,,,,,,,not yet researched,Not yet researched.
10-education-professional-development,42,Afrilearn,Gabriel Olatunji-Legend,Co-founder and Head of Content,https://www.linkedin.com/in/olatunjilegend/,Isaac Oladipupo (Co-founder and CEO),https://ng.linkedin.com/company/afrilearn,https://ng.linkedin.com/company/afrilearn,,,https://www.linkedin.com/in/olatunjilegend/,researched,
10-education-professional-development,43,Edukoya,Honey Ogundeyi,Founder. Reported shut down in February 2025.,https://uk.linkedin.com/company/edukoya,,,https://uk.linkedin.com/company/edukoya,,,https://uk.linkedin.com/company/edukoya,researched,
10-education-professional-development,44,Teachable (Nigeria users),,,,,,,,,,not yet researched,Not yet researched.
10-education-professional-development,45,Roqqu Academy,,,,,,,,,,not yet researched,Not yet researched.
10-education-professional-development,46,Business Day Training,,,,,,,,,,not yet researched,Not yet researched.
10-education-professional-development,47,CIPM Nigeria,,,,,,https://ng.linkedin.com/company/chartered-institute-of-personnel-management-of-nigeria,,,,researched,
10-education-professional-development,48,ICAN Nigeria,,,,,,,,,,not yet researched,Not yet researched.
10-education-professional-development,49,Nigerian Bar Association,,,,,,,,,,not yet researched,Not yet researched.
10-education-professional-development,50,Creative Lagos,,,,,,,,,,not yet researched,Not yet researched.
