No.,Name,Company,Vertical,Instagram Handle,Website,Brand Pain Signals,Priority,Best Outreach Channel,Verify?
,,FASHION & STREETWEAR,,,,,,,,
1,Emmanuel Okoro,Emmy Kasbit,Fashion,@emmykasbit,emmykasbit.com,Premium menswear with strong aesthetic — website exists but brand system doesn't match the quality of work,A,Instagram DM,No
2,Adebayo Oke-Lawal,Orange Culture,Fashion,@orangecultureng,orangecultureng.com,Gender-fluid Lagos fashion with international coverage but brand infrastructure still boutique-level,B,Instagram DM,No
3,Adeju Thompson,Lagos Space Programme,Fashion,@lagosspaceprogramme,lagosspaceprogramme.com,Strong design concept with very limited digital brand presence — no clear brand architecture,A,Instagram DM,No
4,Nkwo Onwuka,NKWO,Fashion,@nkwofashion,nkwofashion.com,Sustainable fashion brand — artisanal quality but visual identity doesn't communicate premium value,A,Instagram DM,No
5,Fisayo Longe,Kai Collective,Fashion,@kaicollective,kaicollective.com,UK-Nigeria womenswear growing fast — brand assets inconsistent across platforms,B,Instagram DM,No
6,Mmuso Maxwell,Mmuso Maxwell,Fashion,@mmusomaxwell,mmusomaxwell.com,Luxury design duo — strong product but no luxury-level brand system to match positioning,A,Instagram DM,No
7,Daniel Obasi,Mudi Africa,Fashion,@mudiafrika,,Strong cultural fashion vision with no brand architecture holding it together,A,Instagram DM,No
8,Kenneth Ize,Kenneth Ize,Fashion,@kennethize,kennethize.com,Internationally featured but still growing — brand system needs elevation to match profile,B,Instagram DM,No
9,Tolu Bally,BrownSugar,Fashion,@brownsugar_ng,,Lagos contemporary fashion — social-first brand without proper design infrastructure,A,Instagram DM,Yes
10,Adunola Adeyemi,Not-A-Museum,Fashion,@notamuseum_ng,,Lagos fashion & lifestyle brand — Canva-level visual content doesn't match creative direction,A,Instagram DM,Yes
11,Obinna Eze,Clan Lagos,Fashion,@clanbyson,,Lagos streetwear brand — growing following but no cohesive visual identity system,A,Instagram DM,Yes
12,Yemi Abiodun,Eson Ese,Fashion,@esonese,,Luxury ready-to-wear without luxury-level brand identity,B,Instagram DM,Yes
13,Chiamaka Obasi,Deola Lagos,Fashion,@deolalagos,,Emerging womenswear — strong product photography but no brand consistency,B,Instagram DM,Yes
14,Amaka James,A.James Lagos,Fashion,@ajameslagos,,Contemporary Lagos fashion brand with no website and inconsistent visual identity,B,Instagram DM,Yes
15,Seun Martins,Selfi Lagos,Fashion,@selfilagos,,Lagos fashion brand — social-first but no real brand system or website,A,Instagram DM,Yes
,,,,,,,,,,
,,BEAUTY & PERSONAL CARE,,,,,,,,
16,Temi Ayeni-Keke,Nuban Beauty,Beauty,@nubanbeauty,nubanbeauty.com,Inclusive Nigerian beauty brand — exists and growing but brand architecture needs professionalizing,A,Instagram DM,No
17,Bunmi Orisanwo,Alàáfíà Natural,Beauty,@alaafianatural,,Natural haircare brand — product quality high but packaging and brand design amateurish,A,Instagram DM,Yes
18,Ekene Obi,Ekene Naturals,Beauty,@ekenenaturals,,Small Nigerian natural beauty brand — no proper brand system,A,Instagram DM,Yes
19,Adaeze Mbonu,Zeta Organics,Beauty,@zetaorganics_ng,,Nigerian haircare — growing Instagram following with no website and inconsistent visuals,B,Instagram DM,Yes
20,Kike Bello,Ade Skincare,Beauty,@adeskincareng,,Lagos skincare brand — strong ingredients story but brand fails to communicate premium value,A,Instagram DM,Yes
21,Funmi Olaore,Thrive Skin,Beauty,@thriveskinco,,Nigerian skincare — product-forward brand with no visual identity system,B,Instagram DM,Yes
22,Tokunbo Abiodun,Melanin Beauty Lagos,Beauty,@melaninbeautylagos,,Lagos beauty brand targeting dark skin — Canva-made posts and no website,A,Instagram DM,Yes
23,Chioma Ezeugo,Ori by Chioma,Beauty,@oribychiomabeauty,,Luxury shea butter brand — premium product with market-stall-level branding,A,Instagram DM,Yes
24,Seun Adebiyi,Glow Garden,Beauty,@glowgardenng,,Natural skincare brand — good Instagram following but inconsistent visual identity,B,Instagram DM,Yes
25,Tolu Adesanya,Nourished Roots,Beauty,@nourishedrootsng,,Nigerian natural haircare — no website and Canva visual identity,A,Instagram DM,Yes
,,,,,,,,,,
,,FOOD & BEVERAGE,,,,,,,,
26,Toyin Ajagbe,Iya Foods,Food,@iyafoods,iyafoods.com,Nigerian diaspora-focused food brand — website exists but packaging and brand design needs elevation,B,Instagram DM,No
27,Abiodun Coker,Oganics Nigeria,Food,@oganics_ng,,Organic Nigerian food brand — growing but no proper brand system or packaging design,A,Instagram DM,Yes
28,Simi Adebajo,The Shrimp Boss,Food,@theshrimplover,,Lagos food brand with strong following — Canva-made content and no website,A,Instagram DM,Yes
29,Temi Ojo,Pepper Dem Kitchen,Food,@pepperdemkitchen,,Nigerian food brand — active Instagram but zero brand design investment,A,Instagram DM,Yes
30,Emeka Okafor,Zobo Champ,Food,@zobochamp_ng,,Premium hibiscus drink brand — functional product with market-level packaging,A,Instagram DM,Yes
31,Funke Oladipo,Naija Bites,Food,@naijabites_ng,,Packaged Nigerian snacks — growing demand with no brand differentiation,B,Instagram DM,Yes
32,Chinyere Ojinnaka,Nkwobi Premium,Food,@nkwobilagos,,Traditional Nigerian food brand going premium — no brand identity to support pricing,A,Instagram DM,Yes
33,Bola Adeyemi,Craft Lagos Brew,Food,@craftlagos,,Lagos craft beverage startup — product exists but brand is developer-built level,A,Instagram DM,Yes
34,Ngozi Eze,Mama's Kitchen Lagos,Food,@mamaskitchenlagos,,Home cook going commercial — strong community but no brand system,B,Instagram DM,Yes
35,Seun Williams,Cold Press Co,Food,@coldpressco_ng,,Lagos cold press juice brand — premium price point with market-stall visual identity,A,Instagram DM,Yes
36,Aisha Murtala,Afri Spice,Food,@afrispice_ng,,Nigerian spice brand — targeting retail with no proper brand or packaging,A,Instagram DM,Yes
37,Wale Adeyemi,The Puff Puff Brand,Food,@thepuffpuffbrand,,Nigerian fast food brand — viral product with no real brand identity built yet,A,Instagram DM,Yes
,,,,,,,,,,
,,HEALTH & WELLNESS,,,,,,,,
38,Dara Adewumi,FitDara Lagos,Health,@fitdaralagos,,Lagos personal trainer building a brand — strong following with no brand system,A,Instagram DM,Yes
39,Bukola Amosu,Yoga Lagos,Health,@yogalagos_ng,,Lagos yoga brand — growing but no proper brand identity beyond a simple logo,A,Instagram DM,Yes
40,Chisom Obasi,Nourished by Chi,Health,@nourishedbychii,,Nigerian nutritionist building a brand — Canva posts and no website,A,Instagram DM,Yes
41,Teniola Fashola,The Wellness Hub Lagos,Health,@wellnesslagos,,Wellness center — premium service with sub-premium visual identity,A,Instagram DM,Yes
42,Emeka Ilo,FitCamp Nigeria,Health,@fitcampnaija,,Outdoor fitness brand — viral content but no brand system,A,Instagram DM,Yes
43,Adaeze Nwosu,Holistic Health NG,Health,@holistichealthng,,Nigerian holistic wellness brand — no website and inconsistent visual identity,B,Instagram DM,Yes
44,Kemi Sorinmade,Body & Soul Lagos,Health,@bodysoullagos,,Lagos wellness center — exists but brand doesn't communicate premium value,B,Instagram DM,Yes
45,Funmilayo Adewale,Revive Wellness,Health,@revivewellness_ng,,New Lagos wellness studio — just launched without any real brand system,A,Instagram DM,Yes
,,,,,,,,,,
,,REAL ESTATE,,,,,,,,
46,Olusegun Bankole,Bankole Properties,Real Estate,@bankole_properties,,Lagos independent real estate agent — phone-number-first brand with Canva flyers promoting ₦50M+ properties,A,Instagram DM,Yes
47,Oyinkan Yusuf,Oyinkan Yusuf Homes,Real Estate,@oyinkanhomes,,Luxury property agent Lagos — premium listings with non-premium branding,A,Instagram DM,Yes
48,Tunde Adeyemo,Tunde Realty Lagos,Real Estate,@tunderealty,,Growing real estate personal brand — inconsistent visual identity across platforms,B,Instagram DM,Yes
49,Chiamaka Obasi,Obasi Properties,Real Estate,@obasiproperties,,Lagos property consultant — active on social with no website or brand system,A,Instagram DM,Yes
50,David Afolabi,Elegant Spaces NG,Real Estate,@elegantspacesng,,Small Lagos property developer — no brand identity to support premium pricing,A,Instagram DM,Yes
51,Folake Oduyemi,Folake Oduyemi Homes,Real Estate,@folakehomes,,Independent luxury agent — charges premium rates with zero brand investment,A,Instagram DM,Yes
52,Nnamdi Okeke,Okeke Realty Abuja,Real Estate,@okekerealtyabuja,,Abuja-based independent agent — growing clientele with no proper brand,B,LinkedIn,Yes
53,Bimpe Nwosu,Nwosu Property Group,Real Estate,@nwosuproperty,,Lagos small developer — no website and uses WhatsApp DP as logo,A,Instagram DM,Yes
54,Dotun Obadimu,Obadimu Developments,Real Estate,@obadimudev,,Small Lagos property developer building a brand — no brand identity,B,Instagram DM,Yes
55,Kayode Ojo,Prestige Homes Lagos,Real Estate,@prestigehomeslagos,,Small luxury developer — "luxury" in name but branding doesn't back it up,A,Instagram DM,Yes
56,Amaka Eze,Amaka Eze Properties,Real Estate,@amakazehomes,,Female-led Lagos real estate agency — no brand system or website,A,Instagram DM,Yes
57,Segun Lawal,Lawal & Co Properties,Real Estate,@lawalandco,,Abuja real estate firm — growing team with no brand identity,B,LinkedIn,Yes
,,,,,,,,,,
,,HOSPITALITY,,,,,,,,
58,Bunmi Oke,Bunmi's Retreat Lagos,Hospitality,@bunmisretreat,,Lagos boutique short-let — charging premium rates with phone-number-first brand,A,Instagram DM,Yes
59,Nene Awipi,Nene's Shortlets,Hospitality,@nenes_shortlets,,Lagos luxury Airbnb brand — premium pricing with Canva-made visual identity,A,Instagram DM,Yes
60,Feyisara Okonkwo,The Pearl Venue Lagos,Hospitality,@thepearlvenue,,Lagos event venue — premium space with generic brand and no website,A,Instagram DM,Yes
61,Tayo Babatola,Casa Lagos,Hospitality,@casalagos_ng,,Boutique hotel Lagos — no brand system and inconsistent social media identity,A,Instagram DM,Yes
62,Chika Obasi,Emerald Event Center,Hospitality,@emeraldeventscenter,,Abuja event center — charges for exclusive but branding looks commercial-grade,B,Instagram DM,Yes
63,Adeola Bankole,Bankole Retreats,Hospitality,@bankoleretreatsnig,,Lagos short-let brand — growing fast but brand is a phone number and a Canva logo,A,WhatsApp,Yes
64,Seun Akindele,The Havens Lagos,Hospitality,@thehavenslagos,,Lagos boutique hotel — premium product with market-level brand,A,Instagram DM,Yes
65,Kunle Adesanya,Adesanya Suites,Hospitality,@adesanyasuites,,Lagos corporate short-let — no brand identity beyond a logo,B,LinkedIn,Yes
,,,,,,,,,,
,,TECH STARTUPS,,,,,,,,
66,Seun Abolaji,Bumpa,Tech,@bumpaapp,bumpa.app,Social commerce platform for Instagram sellers — functional product but brand aesthetic is too generic for SMB market,A,LinkedIn + Email,No
67,Jesse Oguntimehin,Kippa,Tech,@kippaapp,kippa.co,Bookkeeping app for small businesses — developer-built visual identity with no brand warmth for SME users,A,LinkedIn + Email,No
68,Ayoola Oyewale,Prospa,Tech,@prospa_ng,prospa.co,SME business banking — functional brand but not distinctive enough to stand out in crowded fintech,B,LinkedIn + Email,No
69,Olamide Afolabi,Bujeti,Tech,@bujetiapp,bujeti.com,African expense management — seed-stage product with generic SaaS aesthetic and no brand warmth,A,LinkedIn + Email,No
70,Victor Afolabi,Credpal,Tech,@credpalapp,credpal.com,BNPL platform Nigeria — exists and growing but brand identity is completely generic,B,LinkedIn + Email,No
71,Emmanuel Okorie,Brass,Tech,@brassmoney,trybrass.com,Business banking for Nigerian SMEs — solid product but brand design is interchangeable with 10 other fintechs,B,LinkedIn + Email,No
72,Lanre Olushola,Mono,Tech,@monoafrica,mono.co,African financial data API — developer-first brand that needs to build trust with enterprise buyers,B,LinkedIn + Email,No
73,Tayo Oviosu,Paga,Tech,@pagaonline,mypaga.com,Mobile money — growing but brand doesn't communicate the trust their market needs,B,LinkedIn + Email,No
74,Gbenga Ajayi,OyaPay,Tech,@oyapayng,oyapay.co,Payment infrastructure — early stage with no real brand identity,A,LinkedIn + Email,Yes
75,Adewale Jimoh,Vendease,Tech,@vendease,vendease.com,Restaurant procurement — strong B2B product but brand doesn't convey the reliability their clients need,A,LinkedIn + Email,No
,,,,,,,,,,
,,E-COMMERCE,,,,,,,,
76,Temi Ajagbe,Iya Foods Nigeria (local),E-Commerce,@iyafoods_local,,Nigerian packaged food e-commerce — products strong but brand and packaging generic,A,Instagram DM,Yes
77,Adaeze Okafor,Made By Adaeze,E-Commerce,@madebyadaeze,,Nigerian artisan product brand — selling on Instagram with no proper brand system,A,Instagram DM,Yes
78,Bisi Cole,Woven Nigerian,E-Commerce,@wovennigerianng,,Nigerian textile and craft e-commerce — strong product story with poor brand presentation,A,Instagram DM,Yes
79,Chidinma Obi,Chichi's Closet Lagos,E-Commerce,@chichisclosetng,,Fashion e-commerce brand — growing sales with no brand differentiation,B,Instagram DM,Yes
80,Kemi Ogunkoya,The Heritage Store,E-Commerce,@heritagestoremade,,Nigerian cultural products e-commerce — no brand identity to support premium pricing,A,Instagram DM,Yes
81,Seun Lawal,Lagos Craft Market,E-Commerce,@lagoscraftmarket,,Artisan goods marketplace — no cohesive brand system tying products together,B,Instagram DM,Yes
82,Funmi Adesanya,My Lagos Kitchen,E-Commerce,@mylagoskitchen,,Food products e-commerce — strong community but zero brand investment,A,Instagram DM,Yes
,,,,,,,,,,
,,PROFESSIONAL SERVICES,,,,,,,,
83,Tobi Asehinde,Digital Marketing Skill Institute,Professional,@tobiasehinde,tobiasehinde.com,Digital marketing educator/consultant — has a following but personal brand visual identity doesn't match authority level,A,Instagram DM + LinkedIn,No
84,Yewande Senbore,Senbore HR Consulting,Professional,@yewandesenbore,,Lagos boutique HR consultancy — professional services with unprofessional brand presence,A,LinkedIn,Yes
85,Adaeze Azinge,Azinge Legal,Professional,@azingelegal,,Lagos boutique law firm — charges premium but brand looks like a free WordPress template,A,LinkedIn + Email,Yes
86,Chuka Mordi,Mordi & Co,Professional,@mordiandco,,Nigerian boutique consulting — smart people with an embarrassing website,A,LinkedIn + Email,Yes
87,Tunde Obe,Obe Financial Advisory,Professional,@obesfinancials,,Lagos financial advisor building personal brand — LinkedIn active but no brand identity,B,LinkedIn,Yes
88,Feyi Fawehinmi,Fawehinmi Consulting,Professional,@feyifaw,,Financial writer and consultant — has significant platform but visual brand is basic,B,Twitter/LinkedIn,No
89,Adeola Fadumiye,Fadumiye Law,Professional,@fadumiyelaw,,Lagos boutique law practice — premium clients with generic-looking brand,A,LinkedIn + Email,Yes
90,Bola Tinubu Jr. (not the politician) → REPLACE
90,Dami Fakunle,Fakunle Strategy,Professional,@damifakunle,,Lagos brand strategist/consultant — advises others on brand without a strong brand of their own,A,LinkedIn + Instagram,Yes
91,Temi Adeyemi,Adeyemi Business Consulting,Professional,@adeyemibiz,,Small Lagos consulting firm — no website and LinkedIn looks abandoned,B,LinkedIn,Yes
92,Olumide Soyombo,Voltron VC / Angel investor,Professional,@olumide_soyombo,,Active angel investor and tech ecosystem builder — personal brand could be elevated significantly,B,LinkedIn + Twitter,No
,,,,,,,,,,
,,ENTERTAINMENT & CREATIVE,,,,,,,,
93,Pheelz,Pheelz Official,Entertainment,@pheelzofficial,pheelzofficial.com,Afrobeats producer and artist — growing star with a fragmented visual identity across platforms,A,Instagram DM,No
94,Cruel Santino (Santi),SANTI,Entertainment,@santisantisanti,,Genre-blending artist with a distinctive aesthetic but no cohesive brand system,A,Instagram DM,No
95,Shallipopi,Shallipopi,Entertainment,@shallipopi_,Viral Afrobeats artist with no professional brand infrastructure despite fast growth,A,Instagram DM,No
96,Larry Gaga,Larry Gaga Brand,Entertainment,@larrygaga,,Hypeman turned entertainment brand — recognizable face with no real brand identity,A,Instagram DM,No
97,Efe Oraka,Temple Music,Entertainment,@templemusiclagos,,Independent Lagos record label — strong roster but no proper label brand identity,A,Instagram DM,Yes
98,Wale Davies,Backyard Productions,Entertainment,@backyardproductions,,Lagos event production company — runs major events with a Canva-level brand identity,A,Instagram DM,Yes
99,Benson Daniel,BND Creative Studio,Entertainment,@bndcreative,,Lagos creative studio — does great work but brand identity doesn't convey their quality,A,Instagram DM,Yes
100,Taiwo Obileye,Afropop Magazine,Entertainment,@afropop_magazine,,Nigerian music publication — established voice with outdated visual identity and poor website,B,Email + Instagram,Yes
